t1_2_3_6_7_s3_r,state,county
90.96,AL,Autauga County
84.78,AL,Baldwin County
64.75,AL,Barbour County
51.339999999999996,AL,Bibb County
76.7,AL,Blount County
61.96,AL,Bullock County
61.129999999999995,AL,Butler County
92.02,AL,Calhoun County
77.66999999999999,AL,Chambers County
76.64,AL,Cherokee County
63.72,AL,Chilton County
54.36,AL,Choctaw County
51.61,AL,Clarke County
40.93,AL,Clay County
26.51,AL,Cleburne County
75.47,AL,Coffee County
80.16,AL,Colbert County
41.08,AL,Conecuh County
70.88,AL,Coosa County
81.6,AL,Covington County
58.45,AL,Crenshaw County
77.51,AL,Cullman County
77.86999999999999,AL,Dale County
69.19,AL,Dallas County
88.79,AL,DeKalb County
91.72,AL,Elmore County
74.53,AL,Escambia County
91.19,AL,Etowah County
42.5,AL,Fayette County
54.059999999999995,AL,Franklin County
70.02000000000001,AL,Geneva County
31.759999999999998,AL,Greene County
42.11,AL,Hale County
51.11,AL,Henry County
87.76,AL,Houston County
87.82,AL,Jackson County
95.41,AL,Jefferson County
90.75999999999999,AL,Lamar County
82.91,AL,Lauderdale County
84.47,AL,Lawrence County
94.56,AL,Lee County
85.48,AL,Limestone County
31.569999999999997,AL,Lowndes County
61.72,AL,Macon County
97.94,AL,Madison County
69.07,AL,Marengo County
99.53,AL,Marion County
89.86,AL,Marshall County
93.41000000000001,AL,Mobile County
79.47999999999999,AL,Monroe County
83.45,AL,Montgomery County
84.83000000000001,AL,Morgan County
30.59,AL,Perry County
47.03,AL,Pickens County
71.77,AL,Pike County
42.120000000000005,AL,Randolph County
85.11,AL,Russell County
91.35,AL,St. Clair County
90.59,AL,Shelby County
40.339999999999996,AL,Sumter County
80.5,AL,Talladega County
86.18,AL,Tallapoosa County
90.83,AL,Tuscaloosa County
74.11999999999999,AL,Walker County
35.38,AL,Washington County
35.23,AL,Wilcox County
50.64999999999999,AL,Winston County
0.0,AK,Aleutians East Borough
0.0,AK,Aleutians West Census Area
98.16,AK,Anchorage Municipality
1.79,AK,Bethel Census Area
0.0,AK,Bristol Bay Borough
97.34,AK,Chugach Census Area
71.44,AK,Copper River Census Area
7.46,AK,Denali Borough
0.0,AK,Dillingham Census Area
80.94,AK,Fairbanks North Star Borough
6.16,AK,Haines Borough
39.22,AK,Hoonah-Angoon Census Area
97.76,AK,Juneau City and Borough
86.95,AK,Kenai Peninsula Borough
98.37,AK,Ketchikan Gateway Borough
71.59,AK,Kodiak Island Borough
0.0,AK,Kusilvak Census Area
0.0,AK,Lake and Peninsula Borough
73.08,AK,Matanuska-Susitna Borough
45.67,AK,Nome Census Area
73.18,AK,North Slope Borough
37.62,AK,Northwest Arctic Borough
92.96,AK,Petersburg Borough
12.23,AK,Prince of Wales-Hyder Census Area
95.47,AK,Sitka City and Borough
6.63,AK,Skagway Municipality
65.05,AK,Southeast Fairbanks Census Area
84.39,AK,Wrangell City and Borough
0.0,AK,Yakutat City and Borough
5.6899999999999995,AK,Yukon-Koyukuk Census Area
48.33,AZ,Apache County
93.24,AZ,Cochise County
84.58,AZ,Coconino County
82.86,AZ,Gila County
90.03,AZ,Graham County
91.13,AZ,Greenlee County
73.77,AZ,La Paz County
99.63,AZ,Maricopa County
88.19,AZ,Mohave County
71.08,AZ,Navajo County
99.46000000000001,AZ,Pima County
95.53,AZ,Pinal County
92.55,AZ,Santa Cruz County
93.08,AZ,Yavapai County
95.02000000000001,AZ,Yuma County
49.08,AR,Arkansas County
68.61,AR,Ashley County
96.58,AR,Baxter County
92.36,AR,Benton County
88.69,AR,Boone County
71.89999999999999,AR,Bradley County
88.19,AR,Calhoun County
96.78,AR,Carroll County
72.99,AR,Chicot County
90.16999999999999,AR,Clark County
87.21,AR,Clay County
65.09,AR,Cleburne County
0.27999999999999997,AR,Cleveland County
60.29,AR,Columbia County
60.529999999999994,AR,Conway County
98.1,AR,Craighead County
98.03,AR,Crawford County
90.34,AR,Crittenden County
75.29,AR,Cross County
65.58,AR,Dallas County
86.71,AR,Desha County
68.26,AR,Drew County
86.24000000000001,AR,Faulkner County
69.91000000000001,AR,Franklin County
96.46000000000001,AR,Fulton County
87.75,AR,Garland County
56.379999999999995,AR,Grant County
99.83999999999999,AR,Greene County
89.13,AR,Hempstead County
76.24,AR,Hot Spring County
94.8,AR,Howard County
72.43,AR,Independence County
78.32000000000001,AR,Izard County
85.56,AR,Jackson County
78.07,AR,Jefferson County
79.86,AR,Johnson County
34.94,AR,Lafayette County
98.41,AR,Lawrence County
60.370000000000005,AR,Lee County
33.28,AR,Lincoln County
55.989999999999995,AR,Little River County
37.68,AR,Logan County
95.97,AR,Lonoke County
84.76,AR,Madison County
64.91,AR,Marion County
96.65,AR,Miller County
91.62,AR,Mississippi County
9.3,AR,Monroe County
42.25,AR,Montgomery County
58.160000000000004,AR,Nevada County
94.98,AR,Newton County
74.41,AR,Ouachita County
47.79,AR,Perry County
76.52,AR,Phillips County
89.89,AR,Pike County
95.42,AR,Poinsett County
49.309999999999995,AR,Polk County
74.0,AR,Pope County
79.25999999999999,AR,Prairie County
96.17999999999999,AR,Pulaski County
95.69,AR,Randolph County
76.08,AR,St. Francis County
93.57,AR,Saline County
39.15,AR,Scott County
46.9,AR,Searcy County
98.38,AR,Sebastian County
73.66,AR,Sevier County
87.7,AR,Sharp County
55.84,AR,Stone County
69.71000000000001,AR,Union County
70.5,AR,Van Buren County
99.87,AR,Washington County
92.19000000000001,AR,White County
64.86,AR,Woodruff County
74.92999999999999,AR,Yell County
99.78,CA,Alameda County
26.11,CA,Alpine County
81.69999999999999,CA,Amador County
95.06,CA,Butte County
87.88,CA,Calaveras County
93.93,CA,Colusa County
99.5,CA,Contra Costa County
88.27000000000001,CA,Del Norte County
90.48,CA,El Dorado County
99.72999999999999,CA,Fresno County
95.36,CA,Glenn County
98.46000000000001,CA,Humboldt County
90.86,CA,Imperial County
86.75,CA,Inyo County
97.43,CA,Kern County
99.95,CA,Kings County
91.97,CA,Lake County
81.42,CA,Lassen County
96.17,CA,Los Angeles County
99.4,CA,Madera County
98.42,CA,Marin County
79.42,CA,Mariposa County
91.29,CA,Mendocino County
99.98,CA,Merced County
76.89,CA,Modoc County
78.5,CA,Mono County
98.00999999999999,CA,Monterey County
92.21000000000001,CA,Napa County
93.30000000000001,CA,Nevada County
97.23,CA,Orange County
97.65,CA,Placer County
80.54,CA,Plumas County
94.11,CA,Riverside County
99.4,CA,Sacramento County
96.72,CA,San Benito County
93.88,CA,San Bernardino County
98.53,CA,San Diego County
100.0,CA,San Francisco County
100.0,CA,San Joaquin County
96.32,CA,San Luis Obispo County
99.36,CA,San Mateo County
96.75,CA,Santa Barbara County
99.75,CA,Santa Clara County
97.91,CA,Santa Cruz County
93.04,CA,Shasta County
20.75,CA,Sierra County
86.08,CA,Siskiyou County
98.6,CA,Solano County
95.24000000000001,CA,Sonoma County
99.92999999999999,CA,Stanislaus County
98.88,CA,Sutter County
88.58,CA,Tehama County
78.39,CA,Trinity County
98.83999999999999,CA,Tulare County
88.19,CA,Tuolumne County
96.16,CA,Ventura County
99.55000000000001,CA,Yolo County
94.47,CA,Yuba County
99.56,CO,Adams County
99.56,CO,Alamosa County
99.81,CO,Arapahoe County
83.89,CO,Archuleta County
91.56,CO,Baca County
97.48,CO,Bent County
98.22,CO,Boulder County
99.72,CO,Broomfield County
96.56,CO,Chaffee County
93.51,CO,Cheyenne County
80.13,CO,Clear Creek County
89.57000000000001,CO,Conejos County
90.36,CO,Costilla County
95.72,CO,Crowley County
76.77000000000001,CO,Custer County
93.36,CO,Delta County
99.94,CO,Denver County
68.28,CO,Dolores County
98.87,CO,Douglas County
95.5,CO,Eagle County
94.65,CO,Elbert County
98.08,CO,El Paso County
95.82000000000001,CO,Fremont County
91.42,CO,Garfield County
76.35,CO,Gilpin County
72.41,CO,Grand County
76.89,CO,Gunnison County
99.87,CO,Hinsdale County
95.95,CO,Huerfano County
69.73,CO,Jackson County
98.09,CO,Jefferson County
98.2,CO,Kiowa County
96.54,CO,Kit Carson County
95.25,CO,Lake County
87.32,CO,La Plata County
95.91,CO,Larimer County
69.34,CO,Las Animas County
89.87,CO,Lincoln County
99.77000000000001,CO,Logan County
96.1,CO,Mesa County
100.0,CO,Mineral County
88.0,CO,Moffat County
84.96000000000001,CO,Montezuma County
93.73,CO,Montrose County
99.96000000000001,CO,Morgan County
99.03999999999999,CO,Otero County
72.36,CO,Ouray County
78.39,CO,Park County
99.83,CO,Phillips County
96.50999999999999,CO,Pitkin County
98.42999999999999,CO,Prowers County
97.25,CO,Pueblo County
63.44,CO,Rio Blanco County
100.0,CO,Rio Grande County
93.8,CO,Routt County
83.24000000000001,CO,Saguache County
76.66,CO,San Juan County
79.16,CO,San Miguel County
99.89,CO,Sedgwick County
94.77,CO,Summit County
82.33,CO,Teller County
96.28,CO,Washington County
99.38,CO,Weld County
96.74000000000001,CO,Yuma County
99.1,CT,Fairfield County
99.44,CT,Hartford County
95.21,CT,Litchfield County
98.67,CT,Middlesex County
98.79,CT,New Haven County
98.78,CT,New London County
97.43,CT,Tolland County
95.8,CT,Windham County
98.42999999999999,DE,Kent County
99.27,DE,New Castle County
98.9,DE,Sussex County
99.74,DC,District of Columbia
90.24,FL,Alachua County
76.11,FL,Baker County
96.93,FL,Bay County
53.09,FL,Bradford County
95.0,FL,Brevard County
98.59,FL,Broward County
53.36,FL,Calhoun County
91.92,FL,Charlotte County
89.08,FL,Citrus County
92.69,FL,Clay County
96.35000000000001,FL,Collier County
71.37,FL,Columbia County
91.9,FL,DeSoto County
25.979999999999997,FL,Dixie County
98.72999999999999,FL,Duval County
98.31,FL,Escambia County
95.67999999999999,FL,Flagler County
91.96,FL,Franklin County
91.09,FL,Gadsden County
28.71,FL,Gilchrist County
73.85000000000001,FL,Glades County
85.74000000000001,FL,Gulf County
51.05,FL,Hamilton County
91.93,FL,Hardee County
74.15,FL,Hendry County
93.14,FL,Hernando County
95.65,FL,Highlands County
96.19,FL,Hillsborough County
26.93,FL,Holmes County
96.84,FL,Indian River County
62.77,FL,Jackson County
42.370000000000005,FL,Jefferson County
47.55,FL,Lafayette County
90.91,FL,Lake County
95.42,FL,Lee County
96.7,FL,Leon County
28.82,FL,Levy County
52.62,FL,Liberty County
43.68,FL,Madison County
97.47,FL,Manatee County
88.14,FL,Marion County
97.19,FL,Martin County
98.61,FL,Miami-Dade County
98.06,FL,Monroe County
91.14999999999999,FL,Nassau County
94.86,FL,Okaloosa County
75.64999999999999,FL,Okeechobee County
96.2,FL,Orange County
95.92,FL,Osceola County
98.64,FL,Palm Beach County
94.05,FL,Pasco County
96.25,FL,Pinellas County
93.35,FL,Polk County
70.82000000000001,FL,Putnam County
96.84,FL,St. Johns County
94.78999999999999,FL,St. Lucie County
92.24,FL,Santa Rosa County
99.03,FL,Sarasota County
96.75,FL,Seminole County
91.45,FL,Sumter County
51.459999999999994,FL,Suwannee County
66.19,FL,Taylor County
57.85,FL,Union County
93.35,FL,Volusia County
74.98,FL,Wakulla County
89.08,FL,Walton County
40.01,FL,Washington County
54.14,GA,Appling County
98.04,GA,Atkinson County
73.15,GA,Bacon County
18.459999999999997,GA,Baker County
87.6,GA,Baldwin County
45.1,GA,Banks County
96.78999999999999,GA,Barrow County
92.11,GA,Bartow County
83.09,GA,Ben Hill County
60.709999999999994,GA,Berrien County
98.92,GA,Bibb County
70.12,GA,Bleckley County
89.79,GA,Brantley County
62.11,GA,Brooks County
95.61,GA,Bryan County
97.39,GA,Bulloch County
55.52,GA,Burke County
61.839999999999996,GA,Butts County
31.56,GA,Calhoun County
93.63,GA,Camden County
99.7,GA,Candler County
84.14,GA,Carroll County
97.49,GA,Catoosa County
67.73,GA,Charlton County
97.2,GA,Chatham County
43.45,GA,Chattahoochee County
80.60000000000001,GA,Chattooga County
97.65,GA,Cherokee County
91.85,GA,Clarke County
32.04,GA,Clay County
99.53,GA,Clayton County
61.71,GA,Clinch County
99.33,GA,Cobb County
80.7,GA,Coffee County
76.01,GA,Colquitt County
97.7,GA,Columbia County
72.55,GA,Cook County
93.93,GA,Coweta County
89.05999999999999,GA,Crawford County
79.45,GA,Crisp County
91.56,GA,Dade County
77.51,GA,Dawson County
81.91000000000001,GA,Decatur County
99.29,GA,DeKalb County
62.72,GA,Dodge County
69.63000000000001,GA,Dooly County
96.53,GA,Dougherty County
98.53,GA,Douglas County
41.81,GA,Early County
0.59,GA,Echols County
91.79,GA,Effingham County
93.81,GA,Elbert County
98.76,GA,Emanuel County
80.19,GA,Evans County
85.56,GA,Fannin County
98.08,GA,Fayette County
89.31,GA,Floyd County
98.82,GA,Forsyth County
59.45,GA,Franklin County
99.37,GA,Fulton County
81.8,GA,Gilmer County
10.73,GA,Glascock County
98.18,GA,Glynn County
87.27000000000001,GA,Gordon County
79.80000000000001,GA,Grady County
73.72,GA,Greene County
98.74000000000001,GA,Gwinnett County
90.68,GA,Habersham County
94.32000000000001,GA,Hall County
21.8,GA,Hancock County
82.52000000000001,GA,Haralson County
85.39,GA,Harris County
79.73,GA,Hart County
39.019999999999996,GA,Heard County
98.15,GA,Henry County
98.32,GA,Houston County
55.45,GA,Irwin County
79.64,GA,Jackson County
38.82,GA,Jasper County
54.16,GA,Jeff Davis County
70.17999999999999,GA,Jefferson County
49.769999999999996,GA,Jenkins County
63.129999999999995,GA,Johnson County
86.11,GA,Jones County
70.83,GA,Lamar County
66.75999999999999,GA,Lanier County
77.10000000000001,GA,Laurens County
83.58,GA,Lee County
92.95,GA,Liberty County
99.45,GA,Lincoln County
81.58,GA,Long County
78.59,GA,Lowndes County
65.05,GA,Lumpkin County
67.29,GA,McDuffie County
95.13000000000001,GA,McIntosh County
65.09,GA,Macon County
65.75,GA,Madison County
49.44,GA,Marion County
40.410000000000004,GA,Meriwether County
99.94,GA,Miller County
60.919999999999995,GA,Mitchell County
90.46,GA,Monroe County
67.12,GA,Montgomery County
43.6,GA,Morgan County
89.71000000000001,GA,Murray County
96.66,GA,Muscogee County
93.75,GA,Newton County
84.59,GA,Oconee County
40.14,GA,Oglethorpe County
97.04,GA,Paulding County
86.83,GA,Peach County
88.8,GA,Pickens County
67.7,GA,Pierce County
27.96,GA,Pike County
82.39,GA,Polk County
78.29,GA,Pulaski County
80.53,GA,Putnam County
38.06,GA,Quitman County
73.06,GA,Rabun County
84.31,GA,Randolph County
98.91,GA,Richmond County
99.05000000000001,GA,Rockdale County
49.88,GA,Schley County
88.81,GA,Screven County
99.86,GA,Seminole County
92.2,GA,Spalding County
79.29,GA,Stephens County
3.65,GA,Stewart County
72.87,GA,Sumter County
56.15,GA,Talbot County
97.92,GA,Taliaferro County
69.53,GA,Tattnall County
78.03,GA,Taylor County
62.519999999999996,GA,Telfair County
63.93,GA,Terrell County
78.49000000000001,GA,Thomas County
91.60000000000001,GA,Tift County
74.63,GA,Toombs County
90.33,GA,Towns County
99.57000000000001,GA,Treutlen County
88.98,GA,Troup County
69.74000000000001,GA,Turner County
49.730000000000004,GA,Twiggs County
76.55,GA,Union County
85.02,GA,Upson County
91.03,GA,Walker County
87.33999999999999,GA,Walton County
86.66,GA,Ware County
42.559999999999995,GA,Warren County
71.67,GA,Washington County
74.5,GA,Wayne County
34.72,GA,Webster County
64.45,GA,Wheeler County
90.79,GA,White County
95.27,GA,Whitfield County
48.78,GA,Wilcox County
99.64,GA,Wilkes County
64.72,GA,Wilkinson County
62.239999999999995,GA,Worth County
85.19,HI,Hawaii County
97.23,HI,Honolulu County
55.32,HI,Kalawao County
95.58,HI,Kauai County
92.15,HI,Maui County
99.75,ID,Ada County
54.99000000000001,ID,Adams County
98.66,ID,Bannock County
79.46,ID,Bear Lake County
79.92,ID,Benewah County
97.23,ID,Bingham County
95.11,ID,Blaine County
65.25,ID,Boise County
88.87,ID,Bonner County
98.79,ID,Bonneville County
91.77,ID,Boundary County
74.44,ID,Butte County
74.81,ID,Camas County
99.81,ID,Canyon County
80.31,ID,Caribou County
94.84,ID,Cassia County
42.480000000000004,ID,Clark County
88.9,ID,Clearwater County
71.97,ID,Custer County
88.49000000000001,ID,Elmore County
100.0,ID,Franklin County
80.75,ID,Fremont County
97.03,ID,Gem County
96.16,ID,Gooding County
73.63,ID,Idaho County
96.73,ID,Jefferson County
98.21,ID,Jerome County
95.56,ID,Kootenai County
94.48,ID,Latah County
71.05,ID,Lemhi County
82.36,ID,Lewis County
89.38000000000001,ID,Lincoln County
98.72,ID,Madison County
99.42,ID,Minidoka County
95.39999999999999,ID,Nez Perce County
100.0,ID,Oneida County
65.62,ID,Owyhee County
98.99,ID,Payette County
91.53999999999999,ID,Power County
75.79,ID,Shoshone County
91.84,ID,Teton County
99.11,ID,Twin Falls County
78.7,ID,Valley County
81.6,ID,Washington County
96.78999999999999,IL,Adams County
68.47999999999999,IL,Alexander County
90.60000000000001,IL,Bond County
99.49,IL,Boone County
82.35,IL,Brown County
95.27,IL,Bureau County
82.77,IL,Calhoun County
96.06,IL,Carroll County
96.53,IL,Cass County
97.96000000000001,IL,Champaign County
99.51,IL,Christian County
74.94,IL,Clark County
98.07000000000001,IL,Clay County
92.71000000000001,IL,Clinton County
94.15,IL,Coles County
99.79,IL,Cook County
78.09,IL,Crawford County
87.24,IL,Cumberland County
96.58,IL,DeKalb County
96.54,IL,De Witt County
96.39999999999999,IL,Douglas County
99.64,IL,DuPage County
90.42,IL,Edgar County
97.39999999999999,IL,Edwards County
98.64,IL,Effingham County
89.37,IL,Fayette County
94.53,IL,Ford County
85.91,IL,Franklin County
88.07000000000001,IL,Fulton County
81.54,IL,Gallatin County
100.0,IL,Greene County
99.29,IL,Grundy County
55.1,IL,Hamilton County
85.74000000000001,IL,Hancock County
78.03,IL,Hardin County
85.47,IL,Henderson County
99.49,IL,Henry County
87.41,IL,Iroquois County
91.61,IL,Jackson County
65.2,IL,Jasper County
78.72,IL,Jefferson County
93.99,IL,Jersey County
89.25999999999999,IL,Jo Daviess County
93.28999999999999,IL,Johnson County
98.99,IL,Kane County
94.87,IL,Kankakee County
99.45,IL,Kendall County
97.8,IL,Knox County
99.58,IL,Lake County
96.67999999999999,IL,LaSalle County
97.74000000000001,IL,Lawrence County
93.01,IL,Lee County
95.59,IL,Livingston County
99.7,IL,Logan County
96.34,IL,McDonough County
99.00999999999999,IL,McHenry County
98.63,IL,McLean County
99.37,IL,Macon County
88.44,IL,Macoupin County
94.49,IL,Madison County
95.7,IL,Marion County
94.28999999999999,IL,Marshall County
75.81,IL,Mason County
74.56,IL,Massac County
82.17,IL,Menard County
94.32000000000001,IL,Mercer County
89.03,IL,Monroe County
93.60000000000001,IL,Montgomery County
99.88,IL,Morgan County
99.65,IL,Moultrie County
94.23,IL,Ogle County
98.5,IL,Peoria County
72.56,IL,Perry County
95.44,IL,Piatt County
97.66,IL,Pike County
56.2,IL,Pope County
89.1,IL,Pulaski County
79.61,IL,Putnam County
72.83,IL,Randolph County
98.19,IL,Richland County
98.47,IL,Rock Island County
95.21,IL,St. Clair County
93.78,IL,Saline County
98.16,IL,Sangamon County
65.99000000000001,IL,Schuyler County
100.0,IL,Scott County
92.94,IL,Shelby County
97.11,IL,Stark County
97.42,IL,Stephenson County
98.14,IL,Tazewell County
76.84,IL,Union County
94.78,IL,Vermilion County
84.21,IL,Wabash County
93.17999999999999,IL,Warren County
66.75,IL,Washington County
93.83,IL,Wayne County
94.48,IL,White County
97.78999999999999,IL,Whiteside County
98.57000000000001,IL,Will County
96.78999999999999,IL,Williamson County
99.55000000000001,IL,Winnebago County
95.34,IL,Woodford County
98.8,IN,Adams County
99.38,IN,Allen County
93.38,IN,Bartholomew County
92.83,IN,Benton County
96.15,IN,Blackford County
98.67,IN,Boone County
90.16999999999999,IN,Brown County
78.67,IN,Carroll County
84.16,IN,Cass County
89.84,IN,Clark County
81.11,IN,Clay County
91.49000000000001,IN,Clinton County
47.89,IN,Crawford County
90.16,IN,Daviess County
91.06,IN,Dearborn County
89.62,IN,Decatur County
98.35000000000001,IN,DeKalb County
96.76,IN,Delaware County
77.9,IN,Dubois County
98.19,IN,Elkhart County
83.03,IN,Fayette County
95.63000000000001,IN,Floyd County
78.39,IN,Fountain County
47.86,IN,Franklin County
85.89,IN,Fulton County
86.61,IN,Gibson County
93.92,IN,Grant County
78.28,IN,Greene County
98.98,IN,Hamilton County
98.25,IN,Hancock County
79.3,IN,Harrison County
97.54,IN,Hendricks County
94.08999999999999,IN,Henry County
98.1,IN,Howard County
98.95,IN,Huntington County
97.06,IN,Jackson County
83.38,IN,Jasper County
96.95,IN,Jay County
100.0,IN,Jefferson County
82.92,IN,Jennings County
99.18,IN,Johnson County
95.1,IN,Knox County
95.82000000000001,IN,Kosciusko County
82.39,IN,LaGrange County
98.89,IN,Lake County
94.32000000000001,IN,LaPorte County
86.22,IN,Lawrence County
96.27,IN,Madison County
99.4,IN,Marion County
88.94999999999999,IN,Marshall County
64.4,IN,Martin County
91.09,IN,Miami County
95.50999999999999,IN,Monroe County
79.97999999999999,IN,Montgomery County
95.93,IN,Morgan County
85.69,IN,Newton County
90.92,IN,Noble County
100.0,IN,Ohio County
97.67,IN,Orange County
67.58999999999999,IN,Owen County
55.16,IN,Parke County
88.01,IN,Perry County
61.91,IN,Pike County
98.72,IN,Porter County
84.27,IN,Posey County
53.71,IN,Pulaski County
79.59,IN,Putnam County
95.23,IN,Randolph County
86.09,IN,Ripley County
92.06,IN,Rush County
98.31,IN,St. Joseph County
83.45,IN,Scott County
95.85000000000001,IN,Shelby County
86.09,IN,Spencer County
65.23,IN,Starke County
94.67999999999999,IN,Steuben County
81.41000000000001,IN,Sullivan County
99.98,IN,Switzerland County
98.18,IN,Tippecanoe County
95.30999999999999,IN,Tipton County
53.28000000000001,IN,Union County
99.13,IN,Vanderburgh County
77.83,IN,Vermillion County
90.36,IN,Vigo County
94.04,IN,Wabash County
58.36,IN,Warren County
89.81,IN,Warrick County
95.22,IN,Washington County
89.44,IN,Wayne County
99.42,IN,Wells County
93.23,IN,White County
92.9,IN,Whitley County
92.97,IA,Adair County
69.61,IA,Adams County
81.95,IA,Allamakee County
94.28999999999999,IA,Appanoose County
90.78,IA,Audubon County
93.11,IA,Benton County
99.51,IA,Black Hawk County
94.15,IA,Boone County
98.02,IA,Bremer County
97.76,IA,Buchanan County
98.56,IA,Buena Vista County
95.38,IA,Butler County
99.56,IA,Calhoun County
94.69999999999999,IA,Carroll County
96.33,IA,Cass County
94.28,IA,Cedar County
99.02,IA,Cerro Gordo County
98.18,IA,Cherokee County
99.74,IA,Chickasaw County
88.14999999999999,IA,Clarke County
96.19,IA,Clay County
84.02,IA,Clayton County
99.11999999999999,IA,Clinton County
87.64999999999999,IA,Crawford County
99.05000000000001,IA,Dallas County
97.44,IA,Davis County
95.56,IA,Decatur County
98.24000000000001,IA,Delaware County
96.78,IA,Des Moines County
99.63,IA,Dickinson County
99.42,IA,Dubuque County
100.0,IA,Emmet County
93.46,IA,Fayette County
97.34,IA,Floyd County
97.56,IA,Franklin County
97.02,IA,Fremont County
94.28999999999999,IA,Greene County
98.9,IA,Grundy County
90.3,IA,Guthrie County
93.28999999999999,IA,Hamilton County
98.26,IA,Hancock County
96.83,IA,Hardin County
92.91,IA,Harrison County
98.86,IA,Henry County
95.24000000000001,IA,Howard County
96.48,IA,Humboldt County
96.45,IA,Ida County
93.15,IA,Iowa County
97.97,IA,Jackson County
93.08,IA,Jasper County
99.8,IA,Jefferson County
98.77,IA,Johnson County
97.05,IA,Jones County
94.3,IA,Keokuk County
96.56,IA,Kossuth County
92.93,IA,Lee County
98.85000000000001,IA,Linn County
99.19,IA,Louisa County
91.06,IA,Lucas County
97.61999999999999,IA,Lyon County
90.44,IA,Madison County
92.14,IA,Mahaska County
93.15,IA,Marion County
98.44000000000001,IA,Marshall County
95.65,IA,Mills County
96.35000000000001,IA,Mitchell County
86.91,IA,Monona County
88.12,IA,Monroe County
99.85000000000001,IA,Montgomery County
95.45,IA,Muscatine County
96.67,IA,O'Brien County
98.25,IA,Osceola County
97.88,IA,Page County
92.85,IA,Palo Alto County
94.94,IA,Plymouth County
98.48,IA,Pocahontas County
99.53,IA,Polk County
98.65,IA,Pottawattamie County
91.41,IA,Poweshiek County
74.87,IA,Ringgold County
95.28,IA,Sac County
99.37,IA,Scott County
90.60000000000001,IA,Shelby County
98.68,IA,Sioux County
98.57000000000001,IA,Story County
88.84,IA,Tama County
85.83,IA,Taylor County
93.16,IA,Union County
91.19,IA,Van Buren County
98.27,IA,Wapello County
94.41000000000001,IA,Warren County
94.42,IA,Washington County
92.77,IA,Wayne County
98.11,IA,Webster County
99.83,IA,Winnebago County
92.56,IA,Winneshiek County
98.6,IA,Woodbury County
99.76,IA,Worth County
90.14999999999999,IA,Wright County
99.28,KS,Allen County
99.25,KS,Anderson County
99.67,KS,Atchison County
88.9,KS,Barber County
99.68,KS,Barton County
91.46,KS,Bourbon County
98.25,KS,Brown County
98.85000000000001,KS,Butler County
85.34,KS,Chase County
56.269999999999996,KS,Chautauqua County
95.75,KS,Cherokee County
86.91,KS,Cheyenne County
97.11999999999999,KS,Clark County
94.83,KS,Clay County
97.38,KS,Cloud County
99.28,KS,Coffey County
88.0,KS,Comanche County
96.28999999999999,KS,Cowley County
98.56,KS,Crawford County
93.58999999999999,KS,Decatur County
97.34,KS,Dickinson County
93.30000000000001,KS,Doniphan County
99.13,KS,Douglas County
96.13000000000001,KS,Edwards County
62.470000000000006,KS,Elk County
99.77000000000001,KS,Ellis County
91.17,KS,Ellsworth County
98.79,KS,Finney County
99.76,KS,Ford County
98.76,KS,Franklin County
94.97,KS,Geary County
74.96000000000001,KS,Gove County
99.78,KS,Graham County
96.04,KS,Grant County
99.41,KS,Gray County
66.47,KS,Greeley County
86.27,KS,Greenwood County
95.85000000000001,KS,Hamilton County
96.28999999999999,KS,Harper County
99.85000000000001,KS,Harvey County
95.98,KS,Haskell County
93.03,KS,Hodgeman County
91.01,KS,Jackson County
94.49,KS,Jefferson County
93.71000000000001,KS,Jewell County
98.63,KS,Johnson County
92.46,KS,Kearny County
98.22999999999999,KS,Kingman County
92.67999999999999,KS,Kiowa County
99.68,KS,Labette County
88.03999999999999,KS,Lane County
98.61,KS,Leavenworth County
89.39,KS,Lincoln County
92.19000000000001,KS,Linn County
84.89,KS,Logan County
99.49,KS,Lyon County
99.76,KS,McPherson County
97.58,KS,Marion County
94.28,KS,Marshall County
98.15,KS,Meade County
98.44000000000001,KS,Miami County
96.19,KS,Mitchell County
98.65,KS,Montgomery County
98.81,KS,Morris County
92.78,KS,Morton County
98.53,KS,Nemaha County
99.67,KS,Neosho County
93.53,KS,Ness County
94.75,KS,Norton County
98.13,KS,Osage County
99.36,KS,Osborne County
92.75999999999999,KS,Ottawa County
95.5,KS,Pawnee County
91.55,KS,Phillips County
98.50999999999999,KS,Pottawatomie County
95.77,KS,Pratt County
85.8,KS,Rawlins County
99.16,KS,Reno County
87.64,KS,Republic County
98.95,KS,Rice County
99.22999999999999,KS,Riley County
96.49,KS,Rooks County
84.39,KS,Rush County
99.4,KS,Russell County
99.8,KS,Saline County
81.5,KS,Scott County
99.97,KS,Sedgwick County
98.92,KS,Seward County
99.57000000000001,KS,Shawnee County
89.91,KS,Sheridan County
95.26,KS,Sherman County
91.02,KS,Smith County
92.53,KS,Stafford County
94.51,KS,Stanton County
97.59,KS,Stevens County
95.74000000000001,KS,Sumner County
96.17999999999999,KS,Thomas County
98.98,KS,Trego County
92.33,KS,Wabaunsee County
89.8,KS,Wallace County
77.31,KS,Washington County
64.36,KS,Wichita County
94.47,KS,Wilson County
93.92,KS,Woodson County
98.86,KS,Wyandotte County
51.7,KY,Adair County
82.49,KY,Allen County
68.06,KY,Anderson County
100.0,KY,Ballard County
81.6,KY,Barren County
69.16,KY,Bath County
81.19,KY,Bell County
96.28999999999999,KY,Boone County
67.58999999999999,KY,Bourbon County
93.45,KY,Boyd County
80.97999999999999,KY,Boyle County
49.5,KY,Bracken County
77.41,KY,Breathitt County
57.38999999999999,KY,Breckinridge County
92.75999999999999,KY,Bullitt County
33.96,KY,Butler County
60.29,KY,Caldwell County
80.11,KY,Calloway County
98.07000000000001,KY,Campbell County
67.39,KY,Carlisle County
100.0,KY,Carroll County
66.2,KY,Carter County
53.949999999999996,KY,Casey County
82.91,KY,Christian County
77.58,KY,Clark County
79.83,KY,Clay County
55.84,KY,Clinton County
52.42,KY,Crittenden County
30.17,KY,Cumberland County
90.34,KY,Daviess County
48.52,KY,Edmonson County
99.97,KY,Elliott County
78.03999999999999,KY,Estill County
98.31,KY,Fayette County
60.06,KY,Fleming County
87.98,KY,Floyd County
93.17,KY,Franklin County
67.13,KY,Fulton County
57.96,KY,Gallatin County
66.16,KY,Garrard County
86.68,KY,Grant County
84.28999999999999,KY,Graves County
65.83,KY,Grayson County
38.62,KY,Green County
83.16,KY,Greenup County
31.8,KY,Hancock County
91.36,KY,Hardin County
81.85,KY,Harlan County
38.56,KY,Harrison County
69.92,KY,Hart County
93.55,KY,Henderson County
50.339999999999996,KY,Henry County
39.53,KY,Hickman County
87.29,KY,Hopkins County
60.589999999999996,KY,Jackson County
97.69,KY,Jefferson County
91.69,KY,Jessamine County
95.03,KY,Johnson County
98.32,KY,Kenton County
98.27,KY,Knott County
87.03999999999999,KY,Knox County
68.93,KY,Larue County
90.29,KY,Laurel County
99.87,KY,Lawrence County
36.95,KY,Lee County
71.78,KY,Leslie County
93.28999999999999,KY,Letcher County
55.25,KY,Lewis County
61.12,KY,Lincoln County
62.83,KY,Livingston County
71.5,KY,Logan County
48.76,KY,Lyon County
91.8,KY,McCracken County
99.63,KY,McCreary County
57.440000000000005,KY,McLean County
89.68,KY,Madison County
100.0,KY,Magoffin County
72.75,KY,Marion County
84.65,KY,Marshall County
57.699999999999996,KY,Martin County
77.89,KY,Mason County
92.7,KY,Meade County
100.0,KY,Menifee County
72.18,KY,Mercer County
54.279999999999994,KY,Metcalfe County
54.09,KY,Monroe County
75.58,KY,Montgomery County
99.97,KY,Morgan County
67.62,KY,Muhlenberg County
93.04,KY,Nelson County
37.04,KY,Nicholas County
36.09,KY,Ohio County
92.45,KY,Oldham County
18.19,KY,Owen County
80.78,KY,Owsley County
76.87,KY,Pendleton County
90.57,KY,Perry County
82.44,KY,Pike County
35.35,KY,Powell County
78.97,KY,Pulaski County
11.450000000000001,KY,Robertson County
56.43,KY,Rockcastle County
87.94,KY,Rowan County
91.24,KY,Russell County
77.84,KY,Scott County
79.73,KY,Shelby County
87.92,KY,Simpson County
64.39,KY,Spencer County
75.03,KY,Taylor County
44.68,KY,Todd County
55.42,KY,Trigg County
99.98,KY,Trimble County
73.24000000000001,KY,Union County
85.37,KY,Warren County
75.26,KY,Washington County
75.24,KY,Wayne County
72.53,KY,Webster County
76.41,KY,Whitley County
100.0,KY,Wolfe County
84.82,KY,Woodford County
80.85,LA,Acadia Parish
51.13999999999999,LA,Allen Parish
99.47,LA,Ascension Parish
94.75,LA,Assumption Parish
48.4,LA,Avoyelles Parish
42.52,LA,Beauregard Parish
22.91,LA,Bienville Parish
83.73,LA,Bossier Parish
93.37,LA,Caddo Parish
91.8,LA,Calcasieu Parish
43.15,LA,Caldwell Parish
61.6,LA,Cameron Parish
27.42,LA,Catahoula Parish
48.14,LA,Claiborne Parish
74.56,LA,Concordia Parish
63.5,LA,De Soto Parish
99.72999999999999,LA,East Baton Rouge Parish
75.9,LA,East Carroll Parish
22.35,LA,East Feliciana Parish
70.72,LA,Evangeline Parish
37.059999999999995,LA,Franklin Parish
29.709999999999997,LA,Grant Parish
96.99,LA,Iberia Parish
95.85000000000001,LA,Iberville Parish
34.46,LA,Jackson Parish
99.92999999999999,LA,Jefferson Parish
73.9,LA,Jefferson Davis Parish
99.29,LA,Lafayette Parish
98.04,LA,Lafourche Parish
41.23,LA,LaSalle Parish
72.28999999999999,LA,Lincoln Parish
97.11,LA,Livingston Parish
70.72,LA,Madison Parish
88.84,LA,Morehouse Parish
67.9,LA,Natchitoches Parish
99.85000000000001,LA,Orleans Parish
91.03,LA,Ouachita Parish
60.34,LA,Plaquemines Parish
85.11,LA,Pointe Coupee Parish
71.65,LA,Rapides Parish
22.63,LA,Red River Parish
49.35,LA,Richland Parish
23.380000000000003,LA,Sabine Parish
99.79,LA,St. Bernard Parish
98.65,LA,St. Charles Parish
20.919999999999998,LA,St. Helena Parish
97.08,LA,St. James Parish
99.41,LA,St. John the Baptist Parish
82.15,LA,St. Landry Parish
92.28,LA,St. Martin Parish
98.5,LA,St. Mary Parish
94.33,LA,St. Tammany Parish
85.04,LA,Tangipahoa Parish
78.52,LA,Tensas Parish
98.11,LA,Terrebonne Parish
34.04,LA,Union Parish
88.56,LA,Vermilion Parish
54.84,LA,Vernon Parish
49.59,LA,Washington Parish
53.05,LA,Webster Parish
99.53999999999999,LA,West Baton Rouge Parish
41.67,LA,West Carroll Parish
40.8,LA,West Feliciana Parish
38.09,LA,Winn Parish
97.27,ME,Androscoggin County
92.66,ME,Aroostook County
96.47,ME,Cumberland County
87.11,ME,Franklin County
93.36,ME,Hancock County
95.81,ME,Kennebec County
95.14,ME,Knox County
92.23,ME,Lincoln County
84.43,ME,Oxford County
90.86999999999999,ME,Penobscot County
82.37,ME,Piscataquis County
93.91000000000001,ME,Sagadahoc County
88.4,ME,Somerset County
85.39,ME,Waldo County
91.77,ME,Washington County
95.86,ME,York County
96.34,MD,Allegany County
99.41,MD,Anne Arundel County
98.95,MD,Baltimore County
97.68,MD,Calvert County
82.61,MD,Caroline County
92.46,MD,Carroll County
92.66,MD,Cecil County
94.17,MD,Charles County
88.21,MD,Dorchester County
94.87,MD,Frederick County
92.22,MD,Garrett County
98.45,MD,Harford County
99.64,MD,Howard County
89.8,MD,Kent County
99.56,MD,Montgomery County
98.9,MD,Prince George's County
94.12,MD,Queen Anne's County
96.65,MD,St. Mary's County
97.72999999999999,MD,Somerset County
91.47999999999999,MD,Talbot County
96.35000000000001,MD,Washington County
99.49,MD,Wicomico County
99.55000000000001,MD,Worcester County
99.06,MD,Baltimore city
99.03,MA,Barnstable County
90.16,MA,Berkshire County
99.35000000000001,MA,Bristol County
94.48,MA,Dukes County
99.31,MA,Essex County
92.75,MA,Franklin County
97.89,MA,Hampden County
95.89,MA,Hampshire County
99.66000000000001,MA,Middlesex County
97.8,MA,Nantucket County
99.7,MA,Norfolk County
98.92999999999999,MA,Plymouth County
99.89,MA,Suffolk County
95.78,MA,Worcester County
50.62,MI,Alcona County
68.89,MI,Alger County
74.22999999999999,MI,Allegan County
100.0,MI,Alpena County
85.67,MI,Antrim County
59.660000000000004,MI,Arenac County
61.4,MI,Baraga County
88.99000000000001,MI,Barry County
86.63,MI,Bay County
70.21,MI,Benzie County
89.67,MI,Berrien County
79.32000000000001,MI,Branch County
84.05,MI,Calhoun County
89.8,MI,Cass County
90.48,MI,Charlevoix County
56.769999999999996,MI,Cheboygan County
53.31,MI,Chippewa County
77.92,MI,Clare County
92.7,MI,Clinton County
45.2,MI,Crawford County
70.66,MI,Delta County
69.15,MI,Dickinson County
87.99,MI,Eaton County
85.76,MI,Emmet County
97.44,MI,Genesee County
81.66,MI,Gladwin County
64.02,MI,Gogebic County
91.34,MI,Grand Traverse County
99.7,MI,Gratiot County
75.17,MI,Hillsdale County
75.4,MI,Houghton County
58.199999999999996,MI,Huron County
97.89999999999999,MI,Ingham County
93.63,MI,Ionia County
71.53,MI,Iosco County
44.519999999999996,MI,Iron County
97.46000000000001,MI,Isabella County
77.31,MI,Jackson County
96.55,MI,Kalamazoo County
63.5,MI,Kalkaska County
97.74000000000001,MI,Kent County
42.059999999999995,MI,Keweenaw County
69.12,MI,Lake County
72.06,MI,Lapeer County
69.85,MI,Leelanau County
88.89,MI,Lenawee County
94.42,MI,Livingston County
41.48,MI,Luce County
53.73,MI,Mackinac County
99.03,MI,Macomb County
62.77,MI,Manistee County
77.86,MI,Marquette County
72.43,MI,Mason County
99.91,MI,Mecosta County
54.449999999999996,MI,Menominee County
89.84,MI,Midland County
53.2,MI,Missaukee County
92.28,MI,Monroe County
99.96000000000001,MI,Montcalm County
63.4,MI,Montmorency County
92.63,MI,Muskegon County
92.17,MI,Newaygo County
99.22,MI,Oakland County
83.69,MI,Oceana County
68.43,MI,Ogemaw County
49.05,MI,Ontonagon County
99.00999999999999,MI,Osceola County
57.29,MI,Oscoda County
66.71000000000001,MI,Otsego County
95.61,MI,Ottawa County
49.63,MI,Presque Isle County
85.74000000000001,MI,Roscommon County
87.91,MI,Saginaw County
85.84,MI,St. Clair County
86.97,MI,St. Joseph County
53.68000000000001,MI,Sanilac County
39.1,MI,Schoolcraft County
83.99,MI,Shiawassee County
60.440000000000005,MI,Tuscola County
77.0,MI,Van Buren County
93.8,MI,Washtenaw County
99.19,MI,Wayne County
66.84,MI,Wexford County
70.93,MN,Aitkin County
99.44,MN,Anoka County
87.18,MN,Becker County
98.85000000000001,MN,Beltrami County
90.07,MN,Benton County
98.99,MN,Big Stone County
98.48,MN,Blue Earth County
97.15,MN,Brown County
81.69,MN,Carlton County
99.76,MN,Carver County
86.04,MN,Cass County
98.32,MN,Chippewa County
85.88,MN,Chisago County
99.39,MN,Clay County
99.05000000000001,MN,Clearwater County
83.83,MN,Cook County
98.97,MN,Cottonwood County
90.96,MN,Crow Wing County
99.92999999999999,MN,Dakota County
99.27,MN,Dodge County
90.74,MN,Douglas County
97.42,MN,Faribault County
88.92,MN,Fillmore County
96.46000000000001,MN,Freeborn County
95.16,MN,Goodhue County
95.42,MN,Grant County
99.97,MN,Hennepin County
87.14,MN,Houston County
93.38,MN,Hubbard County
72.63,MN,Isanti County
90.27,MN,Itasca County
99.15,MN,Jackson County
50.06,MN,Kanabec County
96.57,MN,Kandiyohi County
94.75,MN,Kittson County
71.58,MN,Koochiching County
99.57000000000001,MN,Lac qui Parle County
78.97,MN,Lake County
79.56,MN,Lake of the Woods County
95.50999999999999,MN,Le Sueur County
95.53,MN,Lincoln County
99.72,MN,Lyon County
99.33,MN,McLeod County
79.52,MN,Mahnomen County
95.36,MN,Marshall County
99.96000000000001,MN,Martin County
100.0,MN,Meeker County
86.32,MN,Mille Lacs County
94.71000000000001,MN,Morrison County
95.06,MN,Mower County
99.71,MN,Murray County
98.06,MN,Nicollet County
98.47,MN,Nobles County
85.66,MN,Norman County
99.09,MN,Olmsted County
84.85000000000001,MN,Otter Tail County
99.21,MN,Pennington County
50.370000000000005,MN,Pine County
98.82,MN,Pipestone County
99.49,MN,Polk County
94.16,MN,Pope County
99.99,MN,Ramsey County
100.0,MN,Red Lake County
95.02000000000001,MN,Redwood County
98.15,MN,Renville County
98.08,MN,Rice County
95.75,MN,Rock County
91.99000000000001,MN,Roseau County
83.49,MN,St. Louis County
99.35000000000001,MN,Scott County
94.47,MN,Sherburne County
96.38,MN,Sibley County
95.12,MN,Stearns County
99.82,MN,Steele County
99.22,MN,Stevens County
98.04,MN,Swift County
72.42,MN,Todd County
79.91,MN,Traverse County
95.43,MN,Wabasha County
99.25,MN,Wadena County
98.28,MN,Waseca County
98.27,MN,Washington County
98.77,MN,Watonwan County
96.12,MN,Wilkin County
97.53,MN,Winona County
94.57,MN,Wright County
99.64,MN,Yellow Medicine County
82.36,MS,Adams County
99.0,MS,Alcorn County
9.16,MS,Amite County
46.14,MS,Attala County
40.98,MS,Benton County
76.12,MS,Bolivar County
72.74000000000001,MS,Calhoun County
81.35,MS,Carroll County
75.88000000000001,MS,Chickasaw County
63.27,MS,Choctaw County
31.240000000000002,MS,Claiborne County
64.79,MS,Clarke County
90.84,MS,Clay County
75.48,MS,Coahoma County
36.68,MS,Copiah County
15.079999999999998,MS,Covington County
95.19,MS,DeSoto County
86.75,MS,Forrest County
61.79,MS,Franklin County
48.43,MS,George County
43.9,MS,Greene County
76.64,MS,Grenada County
99.38,MS,Hancock County
97.87,MS,Harrison County
89.96,MS,Hinds County
60.370000000000005,MS,Holmes County
74.11999999999999,MS,Humphreys County
40.19,MS,Issaquena County
83.95,MS,Itawamba County
94.53,MS,Jackson County
47.64,MS,Jasper County
6.38,MS,Jefferson County
29.89,MS,Jefferson Davis County
89.63,MS,Jones County
77.2,MS,Kemper County
93.64,MS,Lafayette County
74.21,MS,Lamar County
92.47999999999999,MS,Lauderdale County
10.93,MS,Lawrence County
33.08,MS,Leake County
96.75,MS,Lee County
90.45,MS,Leflore County
53.83,MS,Lincoln County
96.75,MS,Lowndes County
91.46,MS,Madison County
47.89,MS,Marion County
64.53999999999999,MS,Marshall County
82.84,MS,Monroe County
72.71,MS,Montgomery County
38.129999999999995,MS,Neshoba County
29.23,MS,Newton County
36.43,MS,Noxubee County
88.84,MS,Oktibbeha County
89.68,MS,Panola County
90.39,MS,Pearl River County
59.489999999999995,MS,Perry County
66.86999999999999,MS,Pike County
85.04,MS,Pontotoc County
93.66,MS,Prentiss County
67.58,MS,Quitman County
90.93,MS,Rankin County
47.89,MS,Scott County
56.599999999999994,MS,Sharkey County
33.35,MS,Simpson County
36.17,MS,Smith County
49.51,MS,Stone County
83.26,MS,Sunflower County
52.94,MS,Tallahatchie County
74.75,MS,Tate County
97.56,MS,Tippah County
94.14,MS,Tishomingo County
71.96000000000001,MS,Tunica County
75.82,MS,Union County
19.79,MS,Walthall County
87.59,MS,Warren County
92.12,MS,Washington County
85.13,MS,Wayne County
88.26,MS,Webster County
17.89,MS,Wilkinson County
58.10999999999999,MS,Winston County
44.29,MS,Yalobusha County
58.730000000000004,MS,Yazoo County
94.59,MO,Adair County
98.1,MO,Andrew County
78.79,MO,Atchison County
96.03,MO,Audrain County
99.9,MO,Barry County
75.19,MO,Barton County
85.88,MO,Bates County
87.12,MO,Benton County
8.43,MO,Bollinger County
96.88,MO,Boone County
99.24,MO,Buchanan County
84.99,MO,Butler County
65.5,MO,Caldwell County
98.04,MO,Callaway County
90.77,MO,Camden County
84.86,MO,Cape Girardeau County
82.19999999999999,MO,Carroll County
10.36,MO,Carter County
94.82000000000001,MO,Cass County
77.81,MO,Cedar County
87.9,MO,Chariton County
99.99,MO,Christian County
74.46000000000001,MO,Clark County
99.45,MO,Clay County
91.28,MO,Clinton County
93.75,MO,Cole County
92.56,MO,Cooper County
68.02,MO,Crawford County
68.12,MO,Dade County
99.95,MO,Dallas County
67.80000000000001,MO,Daviess County
92.03,MO,DeKalb County
63.53,MO,Dent County
99.87,MO,Douglas County
97.02,MO,Dunklin County
85.94000000000001,MO,Franklin County
58.29,MO,Gasconade County
93.2,MO,Gentry County
100.0,MO,Greene County
86.57000000000001,MO,Grundy County
70.94,MO,Harrison County
79.97999999999999,MO,Henry County
26.38,MO,Hickory County
71.07,MO,Holt County
92.36999999999999,MO,Howard County
91.95,MO,Howell County
54.779999999999994,MO,Iron County
98.29,MO,Jackson County
97.16,MO,Jasper County
96.71,MO,Jefferson County
81.69999999999999,MO,Johnson County
60.309999999999995,MO,Knox County
98.56,MO,Laclede County
89.72,MO,Lafayette County
99.21,MO,Lawrence County
80.54,MO,Lewis County
76.34,MO,Lincoln County
83.8,MO,Linn County
86.79,MO,Livingston County
47.099999999999994,MO,McDonald County
78.44,MO,Macon County
66.78,MO,Madison County
56.53,MO,Maries County
90.36,MO,Marion County
86.21,MO,Mercer County
72.65,MO,Miller County
94.35,MO,Mississippi County
92.94,MO,Moniteau County
73.07000000000001,MO,Monroe County
85.63,MO,Montgomery County
93.92,MO,Morgan County
96.06,MO,New Madrid County
85.48,MO,Newton County
89.55,MO,Nodaway County
57.410000000000004,MO,Oregon County
74.95,MO,Osage County
23.0,MO,Ozark County
98.44000000000001,MO,Pemiscot County
74.7,MO,Perry County
92.94,MO,Pettis County
90.64,MO,Phelps County
78.34,MO,Pike County
98.65,MO,Platte County
95.7,MO,Polk County
95.77,MO,Pulaski County
92.54,MO,Putnam County
96.26,MO,Ralls County
88.7,MO,Randolph County
86.71,MO,Ray County
37.25,MO,Reynolds County
41.699999999999996,MO,Ripley County
97.17,MO,St. Charles County
35.63,MO,St. Clair County
58.309999999999995,MO,Ste. Genevieve County
84.61999999999999,MO,St. Francois County
99.72999999999999,MO,St. Louis County
90.47,MO,Saline County
84.44,MO,Schuyler County
91.01,MO,Scotland County
95.34,MO,Scott County
49.230000000000004,MO,Shannon County
78.05,MO,Shelby County
88.81,MO,Stoddard County
99.99,MO,Stone County
85.28,MO,Sullivan County
97.41,MO,Taney County
77.63,MO,Texas County
80.08999999999999,MO,Vernon County
67.30000000000001,MO,Warren County
41.63,MO,Washington County
33.62,MO,Wayne County
99.99,MO,Webster County
61.96,MO,Worth County
100.0,MO,Wright County
100.0,MO,St. Louis city
80.01,MT,Beaverhead County
66.07,MT,Big Horn County
71.98,MT,Blaine County
80.87,MT,Broadwater County
65.83,MT,Carbon County
40.82,MT,Carter County
97.42,MT,Cascade County
70.8,MT,Chouteau County
69.51,MT,Custer County
84.35000000000001,MT,Daniels County
63.72,MT,Dawson County
71.66,MT,Deer Lodge County
61.760000000000005,MT,Fallon County
73.72,MT,Fergus County
84.07,MT,Flathead County
90.29,MT,Gallatin County
33.48,MT,Garfield County
58.06,MT,Glacier County
62.9,MT,Golden Valley County
29.160000000000004,MT,Granite County
82.62,MT,Hill County
46.64,MT,Jefferson County
63.11,MT,Judith Basin County
79.77,MT,Lake County
89.16,MT,Lewis and Clark County
62.760000000000005,MT,Liberty County
64.88000000000001,MT,Lincoln County
42.5,MT,McCone County
82.89,MT,Madison County
62.07,MT,Meagher County
24.19,MT,Mineral County
89.68,MT,Missoula County
53.61,MT,Musselshell County
65.22,MT,Park County
40.8,MT,Petroleum County
71.86,MT,Phillips County
79.93,MT,Pondera County
42.34,MT,Powder River County
56.88999999999999,MT,Powell County
31.180000000000003,MT,Prairie County
93.37,MT,Ravalli County
61.36000000000001,MT,Richland County
77.74,MT,Roosevelt County
72.08,MT,Rosebud County
60.260000000000005,MT,Sanders County
83.96000000000001,MT,Sheridan County
90.91,MT,Silver Bow County
62.6,MT,Stillwater County
71.99,MT,Sweet Grass County
89.72,MT,Teton County
72.04,MT,Toole County
52.769999999999996,MT,Treasure County
68.03,MT,Valley County
73.76,MT,Wheatland County
49.25,MT,Wibaux County
92.5,MT,Yellowstone County
99.61,NE,Adams County
90.03,NE,Antelope County
77.21000000000001,NE,Arthur County
80.0,NE,Banner County
72.1,NE,Blaine County
76.72,NE,Boone County
98.54,NE,Box Butte County
99.91,NE,Boyd County
78.23,NE,Brown County
97.25,NE,Buffalo County
94.77,NE,Burt County
97.68,NE,Butler County
96.72,NE,Cass County
77.32,NE,Cedar County
96.57,NE,Chase County
69.93,NE,Cherry County
93.17999999999999,NE,Cheyenne County
93.53,NE,Clay County
92.5,NE,Colfax County
98.82,NE,Cuming County
67.9,NE,Custer County
96.26,NE,Dakota County
77.29,NE,Dawes County
95.33,NE,Dawson County
93.22,NE,Deuel County
94.48,NE,Dixon County
98.79,NE,Dodge County
99.88,NE,Douglas County
96.44,NE,Dundy County
98.14,NE,Fillmore County
66.25999999999999,NE,Franklin County
83.05,NE,Frontier County
95.89999999999999,NE,Furnas County
94.64,NE,Gage County
65.22,NE,Garden County
89.72,NE,Garfield County
88.67,NE,Gosper County
71.37,NE,Grant County
75.29,NE,Greeley County
96.85000000000001,NE,Hall County
96.56,NE,Hamilton County
91.09,NE,Harlan County
27.96,NE,Hayes County
47.089999999999996,NE,Hitchcock County
77.92999999999999,NE,Holt County
85.98,NE,Hooker County
78.93,NE,Howard County
93.34,NE,Jefferson County
94.88,NE,Johnson County
89.36,NE,Kearney County
95.50999999999999,NE,Keith County
93.76,NE,Keya Paha County
94.05,NE,Kimball County
59.330000000000005,NE,Knox County
99.6,NE,Lancaster County
93.91000000000001,NE,Lincoln County
67.69,NE,Logan County
76.18,NE,Loup County
43.63,NE,McPherson County
98.77,NE,Madison County
93.24,NE,Merrick County
91.69,NE,Morrill County
76.22,NE,Nance County
95.89999999999999,NE,Nemaha County
75.08,NE,Nuckolls County
96.13000000000001,NE,Otoe County
94.73,NE,Pawnee County
95.63000000000001,NE,Perkins County
98.75,NE,Phelps County
90.08,NE,Pierce County
98.31,NE,Platte County
94.78,NE,Polk County
88.94999999999999,NE,Red Willow County
99.11,NE,Richardson County
67.53,NE,Rock County
95.89,NE,Saline County
99.78,NE,Sarpy County
95.41,NE,Saunders County
99.92,NE,Scotts Bluff County
97.36,NE,Seward County
41.68,NE,Sheridan County
64.22,NE,Sherman County
69.38,NE,Sioux County
93.19,NE,Stanton County
80.62,NE,Thayer County
79.3,NE,Thomas County
84.16,NE,Thurston County
75.47,NE,Valley County
94.83,NE,Washington County
98.6,NE,Wayne County
83.98,NE,Webster County
68.26,NE,Wheeler County
95.43,NE,York County
89.27000000000001,NV,Churchill County
99.92,NV,Clark County
98.41,NV,Douglas County
91.41,NV,Elko County
10.72,NV,Esmeralda County
76.75,NV,Eureka County
84.61,NV,Humboldt County
91.03,NV,Lander County
77.73,NV,Lincoln County
97.95,NV,Lyon County
64.28,NV,Mineral County
89.57000000000001,NV,Nye County
22.73,NV,Pershing County
84.25,NV,Storey County
99.37,NV,Washoe County
0.65,NV,White Pine County
99.98,NV,Carson City
97.19,NH,Belknap County
86.97,NH,Carroll County
90.96,NH,Cheshire County
87.35000000000001,NH,Coos County
85.39999999999999,NH,Grafton County
98.75,NH,Hillsborough County
97.36,NH,Merrimack County
98.99,NH,Rockingham County
98.89,NH,Strafford County
90.58,NH,Sullivan County
99.21,NJ,Atlantic County
99.6,NJ,Bergen County
99.11,NJ,Burlington County
99.82,NJ,Camden County
98.89,NJ,Cape May County
97.99,NJ,Cumberland County
99.86,NJ,Essex County
99.33999999999999,NJ,Gloucester County
99.71,NJ,Hudson County
96.24000000000001,NJ,Hunterdon County
99.67,NJ,Mercer County
99.5,NJ,Middlesex County
99.65,NJ,Monmouth County
99.41,NJ,Morris County
99.51,NJ,Ocean County
99.56,NJ,Passaic County
94.69,NJ,Salem County
99.55000000000001,NJ,Somerset County
98.06,NJ,Sussex County
99.7,NJ,Union County
94.08999999999999,NJ,Warren County
99.64,NM,Bernalillo County
21.27,NM,Catron County
94.59,NM,Chaves County
65.27,NM,Cibola County
67.44,NM,Colfax County
94.94,NM,Curry County
77.34,NM,De Baca County
92.14,NM,Do√±a Ana County
89.12,NM,Eddy County
84.41,NM,Grant County
72.23,NM,Guadalupe County
57.330000000000005,NM,Harding County
56.87,NM,Hidalgo County
97.72999999999999,NM,Lea County
86.86,NM,Lincoln County
99.85000000000001,NM,Los Alamos County
90.83,NM,Luna County
73.31,NM,McKinley County
79.41,NM,Mora County
84.26,NM,Otero County
83.98,NM,Quay County
66.44,NM,Rio Arriba County
87.87,NM,Roosevelt County
90.74,NM,Sandoval County
90.16,NM,San Juan County
75.29,NM,San Miguel County
97.47,NM,Santa Fe County
74.27,NM,Sierra County
54.1,NM,Socorro County
73.0,NM,Taos County
95.12,NM,Torrance County
61.4,NM,Union County
82.5,NM,Valencia County
97.5,NY,Albany County
93.28999999999999,NY,Allegany County
99.92999999999999,NY,Bronx County
96.93,NY,Broome County
86.13,NY,Cattaraugus County
92.58,NY,Cayuga County
89.96,NY,Chautauqua County
97.26,NY,Chemung County
78.73,NY,Chenango County
92.63,NY,Clinton County
84.42,NY,Columbia County
91.36,NY,Cortland County
89.05999999999999,NY,Delaware County
96.78999999999999,NY,Dutchess County
95.21,NY,Erie County
80.23,NY,Essex County
73.39,NY,Franklin County
87.88,NY,Fulton County
91.3,NY,Genesee County
92.88,NY,Greene County
65.93,NY,Hamilton County
84.17999999999999,NY,Herkimer County
88.5,NY,Jefferson County
99.52,NY,Kings County
71.3,NY,Lewis County
86.81,NY,Livingston County
89.72,NY,Madison County
96.49,NY,Monroe County
85.5,NY,Montgomery County
99.83,NY,Nassau County
99.00999999999999,NY,New York County
93.03,NY,Niagara County
91.97999999999999,NY,Oneida County
97.38,NY,Onondaga County
95.37,NY,Ontario County
94.39,NY,Orange County
90.46,NY,Orleans County
93.13,NY,Oswego County
80.80000000000001,NY,Otsego County
98.96000000000001,NY,Putnam County
97.54,NY,Queens County
95.09,NY,Rensselaer County
99.58,NY,Richmond County
99.58,NY,Rockland County
84.87,NY,St. Lawrence County
95.02000000000001,NY,Saratoga County
97.42,NY,Schenectady County
85.35000000000001,NY,Schoharie County
88.31,NY,Schuyler County
97.06,NY,Seneca County
89.02,NY,Steuben County
99.2,NY,Suffolk County
90.42,NY,Sullivan County
91.88,NY,Tioga County
92.53,NY,Tompkins County
92.63,NY,Ulster County
90.98,NY,Warren County
89.81,NY,Washington County
90.94,NY,Wayne County
99.51,NY,Westchester County
81.41000000000001,NY,Wyoming County
86.95,NY,Yates County
91.86,NC,Alamance County
93.22,NC,Alexander County
99.94,NC,Alleghany County
59.85,NC,Anson County
99.94,NC,Ashe County
97.41,NC,Avery County
87.62,NC,Beaufort County
75.61,NC,Bertie County
77.75,NC,Bladen County
98.79,NC,Brunswick County
98.91,NC,Buncombe County
92.07,NC,Burke County
96.24000000000001,NC,Cabarrus County
95.00999999999999,NC,Caldwell County
80.5,NC,Camden County
96.56,NC,Carteret County
62.19,NC,Caswell County
96.76,NC,Catawba County
76.71,NC,Chatham County
66.63,NC,Cherokee County
89.14999999999999,NC,Chowan County
62.46000000000001,NC,Clay County
90.93,NC,Cleveland County
89.82,NC,Columbus County
92.46,NC,Craven County
95.6,NC,Cumberland County
91.33,NC,Currituck County
96.53,NC,Dare County
95.63000000000001,NC,Davidson County
96.04,NC,Davie County
77.39,NC,Duplin County
94.99,NC,Durham County
87.77000000000001,NC,Edgecombe County
96.89999999999999,NC,Forsyth County
93.78,NC,Franklin County
95.75,NC,Gaston County
54.22,NC,Gates County
43.46,NC,Graham County
79.24,NC,Granville County
81.14,NC,Greene County
94.87,NC,Guilford County
88.81,NC,Halifax County
89.63,NC,Harnett County
94.02000000000001,NC,Haywood County
95.22,NC,Henderson County
82.74000000000001,NC,Hertford County
88.82,NC,Hoke County
45.800000000000004,NC,Hyde County
93.81,NC,Iredell County
66.44,NC,Jackson County
91.74,NC,Johnston County
78.21000000000001,NC,Jones County
88.44999999999999,NC,Lee County
93.77,NC,Lenoir County
90.41,NC,Lincoln County
85.42,NC,McDowell County
63.28,NC,Macon County
94.19,NC,Madison County
80.28999999999999,NC,Martin County
97.46000000000001,NC,Mecklenburg County
96.67999999999999,NC,Mitchell County
61.550000000000004,NC,Montgomery County
78.32000000000001,NC,Moore County
95.22,NC,Nash County
96.81,NC,New Hanover County
80.67999999999999,NC,Northampton County
94.92,NC,Onslow County
87.97,NC,Orange County
74.38,NC,Pamlico County
92.86999999999999,NC,Pasquotank County
83.39,NC,Pender County
76.66,NC,Perquimans County
86.42,NC,Person County
97.31,NC,Pitt County
84.50999999999999,NC,Polk County
88.69,NC,Randolph County
87.68,NC,Richmond County
83.45,NC,Robeson County
88.18,NC,Rockingham County
92.57,NC,Rowan County
94.54,NC,Rutherford County
81.74,NC,Sampson County
89.13,NC,Scotland County
84.26,NC,Stanly County
81.76,NC,Stokes County
99.53999999999999,NC,Surry County
48.88,NC,Swain County
89.67,NC,Transylvania County
47.18,NC,Tyrrell County
91.4,NC,Union County
90.34,NC,Vance County
97.39,NC,Wake County
81.6,NC,Warren County
79.41,NC,Washington County
97.67,NC,Watauga County
93.71000000000001,NC,Wayne County
99.41,NC,Wilkes County
97.05,NC,Wilson County
90.79,NC,Yadkin County
97.41,NC,Yancey County
80.16,ND,Adams County
94.14,ND,Barnes County
59.550000000000004,ND,Benson County
46.589999999999996,ND,Billings County
83.27,ND,Bottineau County
88.62,ND,Bowman County
64.49000000000001,ND,Burke County
99.65,ND,Burleigh County
99.78,ND,Cass County
65.52,ND,Cavalier County
77.28,ND,Dickey County
60.019999999999996,ND,Divide County
86.9,ND,Dunn County
75.57000000000001,ND,Eddy County
100.0,ND,Emmons County
79.33,ND,Foster County
78.41,ND,Golden Valley County
99.95,ND,Grand Forks County
96.08,ND,Grant County
96.6,ND,Griggs County
87.15,ND,Hettinger County
99.14,ND,Kidder County
66.53999999999999,ND,LaMoure County
84.00999999999999,ND,Logan County
81.69,ND,McHenry County
80.78,ND,McIntosh County
86.14,ND,McKenzie County
94.62,ND,McLean County
100.0,ND,Mercer County
99.51,ND,Morton County
89.52,ND,Mountrail County
85.26,ND,Nelson County
100.0,ND,Oliver County
96.6,ND,Pembina County
72.72,ND,Pierce County
87.91,ND,Ramsey County
75.42,ND,Ransom County
83.3,ND,Renville County
97.76,ND,Richland County
82.78999999999999,ND,Rolette County
70.19,ND,Sargent County
87.49,ND,Sheridan County
92.96,ND,Sioux County
76.21,ND,Slope County
96.33,ND,Stark County
100.0,ND,Steele County
88.74,ND,Stutsman County
67.19000000000001,ND,Towner County
99.58,ND,Traill County
99.99,ND,Walsh County
97.26,ND,Ward County
72.17,ND,Wells County
87.12,ND,Williams County
70.63000000000001,OH,Adams County
98.97,OH,Allen County
96.00999999999999,OH,Ashland County
88.69,OH,Ashtabula County
85.2,OH,Athens County
98.55000000000001,OH,Auglaize County
88.36,OH,Belmont County
66.2,OH,Brown County
96.39,OH,Butler County
72.03,OH,Carroll County
95.27,OH,Champaign County
97.32,OH,Clark County
96.46000000000001,OH,Clermont County
90.45,OH,Clinton County
87.7,OH,Columbiana County
74.78,OH,Coshocton County
98.4,OH,Crawford County
98.82,OH,Cuyahoga County
87.61,OH,Darke County
96.89,OH,Defiance County
97.72,OH,Delaware County
98.18,OH,Erie County
96.75,OH,Fairfield County
99.66000000000001,OH,Fayette County
99.42999999999999,OH,Franklin County
96.47,OH,Fulton County
65.10000000000001,OH,Gallia County
90.55,OH,Geauga County
96.87,OH,Greene County
72.53,OH,Guernsey County
97.96000000000001,OH,Hamilton County
99.87,OH,Hancock County
98.47,OH,Hardin County
67.92,OH,Harrison County
98.39,OH,Henry County
72.47,OH,Highland County
63.18,OH,Hocking County
84.88,OH,Holmes County
95.53,OH,Huron County
66.2,OH,Jackson County
87.92999999999999,OH,Jefferson County
71.0,OH,Knox County
97.24000000000001,OH,Lake County
86.03,OH,Lawrence County
92.17999999999999,OH,Licking County
95.12,OH,Logan County
97.3,OH,Lorain County
99.35000000000001,OH,Lucas County
99.62,OH,Madison County
97.68,OH,Mahoning County
99.08,OH,Marion County
97.65,OH,Medina County
67.78,OH,Meigs County
99.06,OH,Mercer County
97.16,OH,Miami County
51.870000000000005,OH,Monroe County
97.16,OH,Montgomery County
52.669999999999995,OH,Morgan County
87.81,OH,Morrow County
81.37,OH,Muskingum County
35.620000000000005,OH,Noble County
97.00999999999999,OH,Ottawa County
96.16,OH,Paulding County
72.1,OH,Perry County
99.87,OH,Pickaway County
79.94,OH,Pike County
96.13000000000001,OH,Portage County
88.79,OH,Preble County
99.89,OH,Putnam County
96.93,OH,Richland County
92.41,OH,Ross County
98.96000000000001,OH,Sandusky County
87.24,OH,Scioto County
98.8,OH,Seneca County
97.94,OH,Shelby County
96.12,OH,Stark County
98.31,OH,Summit County
96.63000000000001,OH,Trumbull County
89.99000000000001,OH,Tuscarawas County
97.08,OH,Union County
98.71,OH,Van Wert County
50.49,OH,Vinton County
96.92,OH,Warren County
72.14,OH,Washington County
95.99,OH,Wayne County
93.11,OH,Williams County
99.72999999999999,OH,Wood County
99.92999999999999,OH,Wyandot County
99.74,OK,Adair County
85.79,OK,Alfalfa County
86.42,OK,Atoka County
78.5,OK,Beaver County
73.68,OK,Beckham County
84.38,OK,Blaine County
97.45,OK,Bryan County
91.56,OK,Caddo County
99.37,OK,Canadian County
97.83,OK,Carter County
90.75999999999999,OK,Cherokee County
79.96,OK,Choctaw County
75.56,OK,Cimarron County
99.22,OK,Cleveland County
79.27,OK,Coal County
99.36,OK,Comanche County
94.05,OK,Cotton County
94.32000000000001,OK,Craig County
88.84,OK,Creek County
86.86,OK,Custer County
87.77000000000001,OK,Delaware County
59.019999999999996,OK,Dewey County
51.05,OK,Ellis County
99.33999999999999,OK,Garfield County
86.68,OK,Garvin County
90.35,OK,Grady County
85.53,OK,Grant County
85.7,OK,Greer County
66.56,OK,Harmon County
64.1,OK,Harper County
82.86,OK,Haskell County
81.77,OK,Hughes County
97.61,OK,Jackson County
93.49,OK,Jefferson County
78.08,OK,Johnston County
98.72,OK,Kay County
86.16,OK,Kingfisher County
91.47999999999999,OK,Kiowa County
72.26,OK,Latimer County
63.43,OK,Le Flore County
72.89999999999999,OK,Lincoln County
96.06,OK,Logan County
92.46,OK,Love County
93.86,OK,McClain County
85.38,OK,McCurtain County
91.52,OK,McIntosh County
92.77,OK,Major County
85.78,OK,Marshall County
87.72999999999999,OK,Mayes County
90.53999999999999,OK,Murray County
96.82,OK,Muskogee County
97.39,OK,Noble County
94.67999999999999,OK,Nowata County
68.88,OK,Okfuskee County
99.42999999999999,OK,Oklahoma County
95.39,OK,Okmulgee County
84.91,OK,Osage County
97.1,OK,Ottawa County
66.51,OK,Pawnee County
98.24000000000001,OK,Payne County
84.95,OK,Pittsburg County
95.65,OK,Pontotoc County
90.21000000000001,OK,Pottawatomie County
70.63000000000001,OK,Pushmataha County
10.12,OK,Roger Mills County
96.71,OK,Rogers County
82.15,OK,Seminole County
67.67999999999999,OK,Sequoyah County
93.25,OK,Stephens County
94.39999999999999,OK,Texas County
87.11,OK,Tillman County
99.76,OK,Tulsa County
96.28999999999999,OK,Wagoner County
97.78999999999999,OK,Washington County
74.75,OK,Washita County
83.49,OK,Woods County
94.36,OK,Woodward County
80.78,OR,Baker County
97.26,OR,Benton County
96.44,OR,Clackamas County
86.39,OR,Clatsop County
82.25,OR,Columbia County
90.07,OR,Coos County
85.46000000000001,OR,Crook County
91.33,OR,Curry County
98.63,OR,Deschutes County
96.17,OR,Douglas County
51.49,OR,Gilliam County
54.03,OR,Grant County
65.96,OR,Harney County
96.67,OR,Hood River County
98.09,OR,Jackson County
87.25,OR,Jefferson County
93.01,OR,Josephine County
93.15,OR,Klamath County
62.9,OR,Lake County
94.8,OR,Lane County
90.42999999999999,OR,Lincoln County
98.19,OR,Linn County
90.57,OR,Malheur County
97.21,OR,Marion County
83.42,OR,Morrow County
99.49,OR,Multnomah County
94.72,OR,Polk County
81.17999999999999,OR,Sherman County
89.78,OR,Tillamook County
93.81,OR,Umatilla County
85.57000000000001,OR,Union County
76.14999999999999,OR,Wallowa County
85.45,OR,Wasco County
98.42,OR,Washington County
56.31,OR,Wheeler County
91.02,OR,Yamhill County
89.77000000000001,PA,Adams County
99.83,PA,Allegheny County
90.12,PA,Armstrong County
97.28,PA,Beaver County
78.03999999999999,PA,Bedford County
94.61,PA,Berks County
97.47,PA,Blair County
66.0,PA,Bradford County
99.14,PA,Bucks County
98.08,PA,Butler County
93.65,PA,Cambria County
74.03,PA,Cameron County
97.56,PA,Carbon County
92.42,PA,Centre County
98.61,PA,Chester County
80.7,PA,Clarion County
81.64,PA,Clearfield County
86.53999999999999,PA,Clinton County
84.28999999999999,PA,Columbia County
81.08999999999999,PA,Crawford County
97.03,PA,Cumberland County
98.37,PA,Dauphin County
99.82,PA,Delaware County
84.33,PA,Elk County
90.84,PA,Erie County
96.22,PA,Fayette County
50.22,PA,Forest County
91.06,PA,Franklin County
49.74,PA,Fulton County
74.83,PA,Greene County
78.89,PA,Huntingdon County
78.32000000000001,PA,Indiana County
79.16,PA,Jefferson County
64.23,PA,Juniata County
97.41,PA,Lackawanna County
97.06,PA,Lancaster County
95.3,PA,Lawrence County
98.46000000000001,PA,Lebanon County
97.99,PA,Lehigh County
93.43,PA,Luzerne County
86.3,PA,Lycoming County
82.3,PA,McKean County
89.58,PA,Mercer County
90.14,PA,Mifflin County
96.28999999999999,PA,Monroe County
99.76,PA,Montgomery County
83.86,PA,Montour County
98.06,PA,Northampton County
74.15,PA,Northumberland County
74.78,PA,Perry County
99.82,PA,Philadelphia County
94.94,PA,Pike County
90.52,PA,Potter County
77.21000000000001,PA,Schuylkill County
81.73,PA,Snyder County
83.13000000000001,PA,Somerset County
50.27,PA,Sullivan County
69.73,PA,Susquehanna County
74.83,PA,Tioga County
93.97,PA,Union County
83.87,PA,Venango County
65.78,PA,Warren County
94.34,PA,Washington County
87.98,PA,Wayne County
97.61999999999999,PA,Westmoreland County
77.34,PA,Wyoming County
97.2,PA,York County
99.95,RI,Bristol County
99.94,RI,Kent County
99.1,RI,Newport County
99.83999999999999,RI,Providence County
96.91,RI,Washington County
90.47,SC,Abbeville County
92.57,SC,Aiken County
65.03999999999999,SC,Allendale County
92.65,SC,Anderson County
78.29,SC,Bamberg County
72.00999999999999,SC,Barnwell County
98.55000000000001,SC,Beaufort County
93.12,SC,Berkeley County
89.19,SC,Calhoun County
97.49,SC,Charleston County
79.34,SC,Cherokee County
72.16,SC,Chester County
63.9,SC,Chesterfield County
88.88000000000001,SC,Clarendon County
99.42,SC,Colleton County
79.73,SC,Darlington County
64.34,SC,Dillon County
92.99,SC,Dorchester County
73.82,SC,Edgefield County
65.5,SC,Fairfield County
87.99,SC,Florence County
91.99000000000001,SC,Georgetown County
95.54,SC,Greenville County
91.21000000000001,SC,Greenwood County
71.43,SC,Hampton County
94.39999999999999,SC,Horry County
86.22999999999999,SC,Jasper County
81.67999999999999,SC,Kershaw County
88.7,SC,Lancaster County
82.67,SC,Laurens County
75.1,SC,Lee County
96.57,SC,Lexington County
76.49000000000001,SC,McCormick County
76.1,SC,Marion County
79.65,SC,Marlboro County
92.11,SC,Newberry County
84.89999999999999,SC,Oconee County
80.52,SC,Orangeburg County
94.51,SC,Pickens County
95.41,SC,Richland County
76.41,SC,Saluda County
90.98,SC,Spartanburg County
94.37,SC,Sumter County
70.41,SC,Union County
81.46,SC,Williamsburg County
91.57,SC,York County
90.18,SD,Aurora County
97.56,SD,Beadle County
88.28,SD,Bennett County
98.5,SD,Bon Homme County
95.5,SD,Brookings County
99.53,SD,Brown County
91.49000000000001,SD,Brule County
85.75,SD,Buffalo County
81.91000000000001,SD,Butte County
47.02,SD,Campbell County
93.53,SD,Charles Mix County
91.96,SD,Clark County
91.14999999999999,SD,Clay County
95.37,SD,Codington County
67.60000000000001,SD,Corson County
75.59,SD,Custer County
99.27,SD,Davison County
89.73,SD,Day County
93.77,SD,Deuel County
83.36,SD,Dewey County
92.86999999999999,SD,Douglas County
85.92999999999999,SD,Edmunds County
81.75,SD,Fall River County
73.07000000000001,SD,Faulk County
95.39999999999999,SD,Grant County
96.94,SD,Gregory County
90.84,SD,Haakon County
95.6,SD,Hamlin County
86.87,SD,Hand County
93.77,SD,Hanson County
62.4,SD,Harding County
93.71000000000001,SD,Hughes County
93.52000000000001,SD,Hutchinson County
60.3,SD,Hyde County
80.52,SD,Jackson County
74.16,SD,Jerauld County
68.67,SD,Jones County
89.63,SD,Kingsbury County
94.12,SD,Lake County
85.92999999999999,SD,Lawrence County
97.50999999999999,SD,Lincoln County
95.72,SD,Lyman County
92.34,SD,McCook County
63.14999999999999,SD,McPherson County
76.24,SD,Marshall County
81.16,SD,Meade County
63.5,SD,Mellette County
86.96000000000001,SD,Miner County
99.53,SD,Minnehaha County
99.86,SD,Moody County
66.41,SD,Oglala Lakota County
92.80000000000001,SD,Pennington County
59.62,SD,Perkins County
49.19,SD,Potter County
82.97,SD,Roberts County
89.38000000000001,SD,Sanborn County
98.56,SD,Spink County
82.49,SD,Stanley County
41.55,SD,Sully County
67.32000000000001,SD,Todd County
91.55,SD,Tripp County
95.26,SD,Turner County
95.91,SD,Union County
83.19,SD,Walworth County
90.45,SD,Yankton County
90.75999999999999,SD,Ziebach County
93.82000000000001,TN,Anderson County
85.06,TN,Bedford County
48.51,TN,Benton County
71.50999999999999,TN,Bledsoe County
96.09,TN,Blount County
90.79,TN,Bradley County
84.21,TN,Campbell County
91.09,TN,Cannon County
64.86,TN,Carroll County
88.27000000000001,TN,Carter County
89.09,TN,Cheatham County
82.05,TN,Chester County
97.28999999999999,TN,Claiborne County
96.72,TN,Clay County
75.08,TN,Cocke County
95.33,TN,Coffee County
93.39,TN,Crockett County
81.23,TN,Cumberland County
99.61,TN,Davidson County
72.37,TN,Decatur County
93.61,TN,DeKalb County
76.87,TN,Dickson County
99.46000000000001,TN,Dyer County
79.24,TN,Fayette County
99.96000000000001,TN,Fentress County
93.4,TN,Franklin County
93.07,TN,Gibson County
68.05,TN,Giles County
83.64,TN,Grainger County
87.78,TN,Greene County
97.1,TN,Grundy County
98.8,TN,Hamblen County
99.72,TN,Hamilton County
95.08,TN,Hancock County
58.26,TN,Hardeman County
61.45,TN,Hardin County
98.36,TN,Hawkins County
76.8,TN,Haywood County
60.309999999999995,TN,Henderson County
84.27,TN,Henry County
73.07000000000001,TN,Hickman County
95.57,TN,Houston County
99.92,TN,Humphreys County
99.78,TN,Jackson County
92.75,TN,Jefferson County
79.91,TN,Johnson County
99.64,TN,Knox County
100.0,TN,Lake County
96.6,TN,Lauderdale County
91.08000000000001,TN,Lawrence County
98.03,TN,Lewis County
84.97,TN,Lincoln County
93.24,TN,Loudon County
81.17999999999999,TN,McMinn County
43.519999999999996,TN,McNairy County
91.38,TN,Macon County
95.73,TN,Madison County
97.48,TN,Marion County
82.1,TN,Marshall County
88.06,TN,Maury County
56.69,TN,Meigs County
82.98,TN,Monroe County
97.42,TN,Montgomery County
78.49000000000001,TN,Moore County
99.82,TN,Morgan County
95.44,TN,Obion County
99.83,TN,Overton County
99.75,TN,Perry County
99.66000000000001,TN,Pickett County
64.60000000000001,TN,Polk County
91.66,TN,Putnam County
82.04,TN,Rhea County
92.2,TN,Roane County
87.97,TN,Robertson County
98.52,TN,Rutherford County
99.97,TN,Scott County
86.77,TN,Sequatchie County
92.99,TN,Sevier County
98.76,TN,Shelby County
87.42,TN,Smith County
91.67,TN,Stewart County
95.39999999999999,TN,Sullivan County
96.95,TN,Sumner County
90.61,TN,Tipton County
94.15,TN,Trousdale County
97.69,TN,Unicoi County
80.85,TN,Union County
86.53,TN,Van Buren County
90.97,TN,Warren County
95.02000000000001,TN,Washington County
66.73,TN,Wayne County
81.67,TN,Weakley County
93.31,TN,White County
96.2,TN,Williamson County
94.69,TN,Wilson County
54.33,TX,Anderson County
98.11999999999999,TX,Andrews County
77.74,TX,Angelina County
99.61,TX,Aransas County
90.52,TX,Archer County
76.51,TX,Armstrong County
95.64,TX,Atascosa County
97.50999999999999,TX,Austin County
99.79,TX,Bailey County
93.52000000000001,TX,Bandera County
93.55,TX,Bastrop County
85.09,TX,Baylor County
95.87,TX,Bee County
98.45,TX,Bell County
97.56,TX,Bexar County
94.08,TX,Blanco County
28.03,TX,Borden County
85.39999999999999,TX,Bosque County
83.35000000000001,TX,Bowie County
94.71000000000001,TX,Brazoria County
98.9,TX,Brazos County
81.33,TX,Brewster County
64.75,TX,Briscoe County
97.42,TX,Brooks County
99.85000000000001,TX,Brown County
85.26,TX,Burleson County
94.28999999999999,TX,Burnet County
98.35000000000001,TX,Caldwell County
98.69,TX,Calhoun County
89.56,TX,Callahan County
98.89,TX,Cameron County
99.99,TX,Camp County
97.00999999999999,TX,Carson County
42.88,TX,Cass County
91.32000000000001,TX,Castro County
88.92999999999999,TX,Chambers County
55.33,TX,Cherokee County
84.17999999999999,TX,Childress County
93.77,TX,Clay County
86.33999999999999,TX,Cochran County
82.02000000000001,TX,Coke County
83.57,TX,Coleman County
97.32,TX,Collin County
91.07,TX,Collingsworth County
92.04,TX,Colorado County
96.61,TX,Comal County
94.38,TX,Comanche County
93.86,TX,Concho County
95.46,TX,Cooke County
95.83,TX,Coryell County
87.57000000000001,TX,Cottle County
78.41,TX,Crane County
0.72,TX,Crockett County
96.97,TX,Crosby County
73.88,TX,Culberson County
93.52000000000001,TX,Dallam County
96.41999999999999,TX,Dallas County
95.00999999999999,TX,Dawson County
98.03,TX,Deaf Smith County
97.38,TX,Delta County
96.95,TX,Denton County
95.78,TX,DeWitt County
89.64999999999999,TX,Dickens County
66.51,TX,Dimmit County
71.36,TX,Donley County
64.85,TX,Duval County
91.46,TX,Eastland County
99.91,TX,Ector County
37.69,TX,Edwards County
99.9,TX,Ellis County
98.99,TX,El Paso County
95.34,TX,Erath County
90.59,TX,Falls County
94.6,TX,Fannin County
78.23,TX,Fayette County
91.06,TX,Fisher County
76.05,TX,Floyd County
81.04,TX,Foard County
99.18,TX,Fort Bend County
97.23,TX,Franklin County
82.78999999999999,TX,Freestone County
94.8,TX,Frio County
98.88,TX,Gaines County
99.32,TX,Galveston County
86.86,TX,Garza County
94.05,TX,Gillespie County
53.910000000000004,TX,Glasscock County
75.03999999999999,TX,Goliad County
95.97,TX,Gonzales County
97.61,TX,Gray County
97.8,TX,Grayson County
96.07,TX,Gregg County
77.63,TX,Grimes County
99.22999999999999,TX,Guadalupe County
99.87,TX,Hale County
79.22,TX,Hall County
81.71000000000001,TX,Hamilton County
89.17,TX,Hansford County
97.0,TX,Hardeman County
76.75,TX,Hardin County
99.24,TX,Harris County
73.5,TX,Harrison County
83.66,TX,Hartley County
81.73,TX,Haskell County
97.87,TX,Hays County
80.21000000000001,TX,Hemphill County
81.19,TX,Henderson County
98.50999999999999,TX,Hidalgo County
98.5,TX,Hill County
99.71,TX,Hockley County
98.78,TX,Hood County
94.37,TX,Hopkins County
43.07,TX,Houston County
97.92,TX,Howard County
53.16,TX,Hudspeth County
98.72,TX,Hunt County
97.78999999999999,TX,Hutchinson County
82.42,TX,Irion County
89.67,TX,Jack County
99.45,TX,Jackson County
49.08,TX,Jasper County
90.10000000000001,TX,Jeff Davis County
93.73,TX,Jefferson County
81.02000000000001,TX,Jim Hogg County
99.11,TX,Jim Wells County
99.53999999999999,TX,Johnson County
95.38,TX,Jones County
90.59,TX,Karnes County
99.53,TX,Kaufman County
95.85000000000001,TX,Kendall County
62.77,TX,Kenedy County
74.67,TX,Kent County
93.61,TX,Kerr County
43.3,TX,Kimble County
74.63,TX,King County
17.34,TX,Kinney County
97.85000000000001,TX,Kleberg County
88.36,TX,Knox County
94.67,TX,Lamar County
99.49,TX,Lamb County
91.8,TX,Lampasas County
76.95,TX,La Salle County
83.83,TX,Lavaca County
88.0,TX,Lee County
36.77,TX,Leon County
68.89999999999999,TX,Liberty County
93.21000000000001,TX,Limestone County
82.3,TX,Lipscomb County
89.64,TX,Live Oak County
87.79,TX,Llano County
28.970000000000002,TX,Loving County
100.0,TX,Lubbock County
96.52,TX,Lynn County
95.54,TX,McCulloch County
99.59,TX,McLennan County
74.47,TX,McMullen County
77.35,TX,Madison County
37.92,TX,Marion County
58.489999999999995,TX,Martin County
70.19,TX,Mason County
96.78999999999999,TX,Matagorda County
93.39,TX,Maverick County
96.11,TX,Medina County
78.71000000000001,TX,Menard County
94.27,TX,Midland County
91.74,TX,Milam County
93.83,TX,Mills County
73.16,TX,Mitchell County
93.62,TX,Montague County
94.69,TX,Montgomery County
98.05,TX,Moore County
52.2,TX,Morris County
84.67,TX,Motley County
63.080000000000005,TX,Nacogdoches County
98.07000000000001,TX,Navarro County
19.55,TX,Newton County
80.28,TX,Nolan County
98.32,TX,Nueces County
84.11999999999999,TX,Ochiltree County
85.36,TX,Oldham County
87.69,TX,Orange County
92.11,TX,Palo Pinto County
43.980000000000004,TX,Panola County
99.86,TX,Parker County
97.48,TX,Parmer County
78.74,TX,Pecos County
77.75999999999999,TX,Polk County
98.95,TX,Potter County
88.38000000000001,TX,Presidio County
99.08,TX,Rains County
99.11,TX,Randall County
83.66,TX,Reagan County
77.94,TX,Real County
53.459999999999994,TX,Red River County
91.9,TX,Reeves County
94.69999999999999,TX,Refugio County
75.82,TX,Roberts County
87.8,TX,Robertson County
99.91,TX,Rockwall County
91.82000000000001,TX,Runnels County
63.46000000000001,TX,Rusk County
28.26,TX,Sabine County
38.14,TX,San Augustine County
60.550000000000004,TX,San Jacinto County
99.59,TX,San Patricio County
77.71000000000001,TX,San Saba County
72.02,TX,Schleicher County
92.33,TX,Scurry County
83.76,TX,Shackelford County
44.019999999999996,TX,Shelby County
89.91,TX,Sherman County
86.45,TX,Smith County
90.7,TX,Somervell County
95.22,TX,Starr County
82.76,TX,Stephens County
10.63,TX,Sterling County
79.62,TX,Stonewall County
64.0,TX,Sutton County
82.67,TX,Swisher County
98.1,TX,Tarrant County
97.1,TX,Taylor County
58.64,TX,Terrell County
97.59,TX,Terry County
71.8,TX,Throckmorton County
91.86999999999999,TX,Titus County
99.27,TX,Tom Green County
97.5,TX,Travis County
28.849999999999998,TX,Trinity County
24.83,TX,Tyler County
78.86,TX,Upshur County
6.4399999999999995,TX,Upton County
95.77,TX,Uvalde County
87.69,TX,Val Verde County
98.02,TX,Van Zandt County
99.77000000000001,TX,Victoria County
93.37,TX,Walker County
95.42,TX,Waller County
98.58,TX,Ward County
99.32,TX,Washington County
92.32000000000001,TX,Webb County
88.68,TX,Wharton County
97.18,TX,Wheeler County
99.03999999999999,TX,Wichita County
92.75999999999999,TX,Wilbarger County
99.67,TX,Willacy County
97.99,TX,Williamson County
98.19,TX,Wilson County
98.06,TX,Winkler County
98.64,TX,Wise County
86.91,TX,Wood County
96.21,TX,Yoakum County
92.56,TX,Young County
83.84,TX,Zapata County
79.19,TX,Zavala County
92.17999999999999,UT,Beaver County
94.92,UT,Box Elder County
98.75,UT,Cache County
97.03,UT,Carbon County
94.95,UT,Daggett County
99.88,UT,Davis County
61.260000000000005,UT,Duchesne County
94.71000000000001,UT,Emery County
61.82,UT,Garfield County
96.73,UT,Grand County
95.48,UT,Iron County
83.95,UT,Juab County
75.33999999999999,UT,Kane County
67.09,UT,Millard County
94.41000000000001,UT,Morgan County
69.24,UT,Piute County
90.88000000000001,UT,Rich County
99.42,UT,Salt Lake County
58.19,UT,San Juan County
80.63,UT,Sanpete County
95.7,UT,Sevier County
87.21,UT,Summit County
98.4,UT,Tooele County
84.19,UT,Uintah County
99.5,UT,Utah County
89.19,UT,Wasatch County
98.79,UT,Washington County
66.3,UT,Wayne County
99.27,UT,Weber County
71.87,VT,Addison County
89.69,VT,Bennington County
76.71,VT,Caledonia County
96.74000000000001,VT,Chittenden County
67.56,VT,Essex County
87.92999999999999,VT,Franklin County
79.35,VT,Grand Isle County
75.51,VT,Lamoille County
83.95,VT,Orange County
79.10000000000001,VT,Orleans County
92.43,VT,Rutland County
82.09,VT,Washington County
82.96,VT,Windham County
97.44,VT,Windsor County
94.87,VA,Accomack County
97.38,VA,Albemarle County
71.78999999999999,VA,Alleghany County
88.51,VA,Amelia County
96.43,VA,Amherst County
99.26,VA,Appomattox County
99.6,VA,Arlington County
76.1,VA,Augusta County
73.81,VA,Bath County
98.41,VA,Bedford County
51.849999999999994,VA,Bland County
81.38,VA,Botetourt County
45.879999999999995,VA,Brunswick County
87.94,VA,Buchanan County
83.97,VA,Buckingham County
99.46000000000001,VA,Campbell County
62.9,VA,Caroline County
77.19,VA,Carroll County
65.92,VA,Charles City County
87.1,VA,Charlotte County
98.52,VA,Chesterfield County
61.45,VA,Clarke County
68.42,VA,Craig County
88.2,VA,Culpeper County
90.57,VA,Cumberland County
74.53,VA,Dickenson County
50.88,VA,Dinwiddie County
68.45,VA,Essex County
99.82,VA,Fairfax County
70.99,VA,Fauquier County
60.029999999999994,VA,Floyd County
99.11,VA,Fluvanna County
95.22,VA,Franklin County
78.16,VA,Frederick County
84.23,VA,Giles County
84.67,VA,Gloucester County
62.78,VA,Goochland County
59.03,VA,Grayson County
83.07,VA,Greene County
43.8,VA,Greensville County
98.13,VA,Halifax County
81.77,VA,Hanover County
98.81,VA,Henrico County
91.25999999999999,VA,Henry County
63.72,VA,Highland County
77.38000000000001,VA,Isle of Wight County
98.6,VA,James City County
49.27,VA,King and Queen County
92.17,VA,King George County
48.65,VA,King William County
75.55,VA,Lancaster County
96.61,VA,Lee County
95.75,VA,Loudoun County
50.17,VA,Louisa County
57.46,VA,Lunenburg County
66.64999999999999,VA,Madison County
79.44,VA,Mathews County
61.82,VA,Mecklenburg County
69.26,VA,Middlesex County
93.28,VA,Montgomery County
90.69,VA,Nelson County
70.19,VA,New Kent County
87.45,VA,Northampton County
71.64,VA,Northumberland County
75.92999999999999,VA,Nottoway County
89.68,VA,Orange County
59.160000000000004,VA,Page County
42.49,VA,Patrick County
98.37,VA,Pittsylvania County
92.91,VA,Powhatan County
99.59,VA,Prince Edward County
91.4,VA,Prince George County
99.16,VA,Prince William County
84.89,VA,Pulaski County
47.349999999999994,VA,Rappahannock County
69.47,VA,Richmond County
98.02,VA,Roanoke County
83.82,VA,Rockbridge County
76.75999999999999,VA,Rockingham County
87.02,VA,Russell County
78.11,VA,Scott County
68.56,VA,Shenandoah County
83.37,VA,Smyth County
41.82,VA,Southampton County
89.05999999999999,VA,Spotsylvania County
97.86,VA,Stafford County
92.85,VA,Surry County
53.47,VA,Sussex County
91.18,VA,Tazewell County
85.72,VA,Warren County
89.25999999999999,VA,Washington County
87.46000000000001,VA,Westmoreland County
89.64,VA,Wise County
77.95,VA,Wythe County
98.67,VA,York County
99.8,VA,Alexandria city
99.92999999999999,VA,Bristol city
98.21,VA,Buena Vista city
99.81,VA,Charlottesville city
98.85000000000001,VA,Chesapeake city
99.66000000000001,VA,Colonial Heights city
85.26,VA,Covington city
99.14,VA,Danville city
98.4,VA,Emporia city
99.89,VA,Fairfax city
99.98,VA,Falls Church city
90.88000000000001,VA,Franklin city
99.19,VA,Fredericksburg city
98.24000000000001,VA,Galax city
98.09,VA,Hampton city
98.08,VA,Harrisonburg city
99.15,VA,Hopewell city
99.97,VA,Lexington city
99.25,VA,Lynchburg city
99.5,VA,Manassas city
99.03999999999999,VA,Manassas Park city
99.59,VA,Martinsville city
99.79,VA,Newport News city
98.78,VA,Norfolk city
99.95,VA,Norton city
97.35000000000001,VA,Petersburg city
99.69,VA,Poquoson city
99.68,VA,Portsmouth city
97.85000000000001,VA,Radford city
99.64,VA,Richmond city
99.59,VA,Roanoke city
99.39,VA,Salem city
98.89,VA,Staunton city
86.67,VA,Suffolk city
99.52,VA,Virginia Beach city
99.58,VA,Waynesboro city
99.32,VA,Williamsburg city
99.59,VA,Winchester city
79.10000000000001,WA,Adams County
96.15,WA,Asotin County
99.63,WA,Benton County
91.93,WA,Chelan County
79.65,WA,Clallam County
94.76,WA,Clark County
83.27,WA,Columbia County
91.92,WA,Cowlitz County
94.64,WA,Douglas County
65.97,WA,Ferry County
98.47,WA,Franklin County
60.699999999999996,WA,Garfield County
93.36,WA,Grant County
92.62,WA,Grays Harbor County
90.66,WA,Island County
76.18,WA,Jefferson County
99.33999999999999,WA,King County
95.58,WA,Kitsap County
88.48,WA,Kittitas County
78.64,WA,Klickitat County
89.62,WA,Lewis County
49.730000000000004,WA,Lincoln County
83.87,WA,Mason County
57.87,WA,Okanogan County
85.68,WA,Pacific County
71.94,WA,Pend Oreille County
96.82,WA,Pierce County
64.97,WA,San Juan County
90.68,WA,Skagit County
56.02,WA,Skamania County
96.5,WA,Snohomish County
98.32,WA,Spokane County
84.68,WA,Stevens County
95.39,WA,Thurston County
72.98,WA,Wahkiakum County
98.2,WA,Walla Walla County
92.89,WA,Whatcom County
84.78,WA,Whitman County
95.84,WA,Yakima County
67.2,WV,Barbour County
95.09,WV,Berkeley County
82.65,WV,Boone County
45.45,WV,Braxton County
90.48,WV,Brooke County
93.10000000000001,WV,Cabell County
22.93,WV,Calhoun County
32.21,WV,Clay County
48.24,WV,Doddridge County
74.92,WV,Fayette County
30.29,WV,Gilmer County
43.08,WV,Grant County
75.98,WV,Greenbrier County
46.86,WV,Hampshire County
91.05,WV,Hancock County
82.50999999999999,WV,Hardy County
86.3,WV,Harrison County
60.62,WV,Jackson County
95.65,WV,Jefferson County
89.17,WV,Kanawha County
64.77000000000001,WV,Lewis County
56.66,WV,Lincoln County
79.65,WV,Logan County
70.03,WV,McDowell County
89.91,WV,Marion County
72.00999999999999,WV,Marshall County
62.51,WV,Mason County
88.98,WV,Mercer County
84.43,WV,Mineral County
69.26,WV,Mingo County
96.41999999999999,WV,Monongalia County
52.54,WV,Monroe County
77.98,WV,Morgan County
60.419999999999995,WV,Nicholas County
94.31,WV,Ohio County
60.089999999999996,WV,Pendleton County
60.77,WV,Pleasants County
37.5,WV,Pocahontas County
77.79,WV,Preston County
80.78,WV,Putnam County
90.24,WV,Raleigh County
73.8,WV,Randolph County
90.3,WV,Ritchie County
42.19,WV,Roane County
56.18,WV,Summers County
87.24,WV,Taylor County
71.26,WV,Tucker County
37.74,WV,Tyler County
82.83,WV,Upshur County
76.01,WV,Wayne County
47.69,WV,Webster County
52.43,WV,Wetzel County
53.779999999999994,WV,Wirt County
90.18,WV,Wood County
69.55,WV,Wyoming County
94.54,WI,Adams County
83.56,WI,Ashland County
78.92,WI,Barron County
87.46000000000001,WI,Bayfield County
99.13,WI,Brown County
97.89,WI,Buffalo County
65.56,WI,Burnett County
99.79,WI,Calumet County
81.78,WI,Chippewa County
78.92,WI,Clark County
95.28999999999999,WI,Columbia County
78.86999999999999,WI,Crawford County
98.61,WI,Dane County
98.65,WI,Dodge County
84.36,WI,Door County
74.7,WI,Douglas County
78.93,WI,Dunn County
88.39,WI,Eau Claire County
74.85000000000001,WI,Florence County
99.67,WI,Fond du Lac County
46.72,WI,Forest County
86.94,WI,Grant County
99.3,WI,Green County
98.21,WI,Green Lake County
89.03,WI,Iowa County
58.75,WI,Iron County
85.55,WI,Jackson County
97.43,WI,Jefferson County
93.60000000000001,WI,Juneau County
96.19,WI,Kenosha County
98.88,WI,Kewaunee County
97.37,WI,La Crosse County
95.89999999999999,WI,Lafayette County
81.16,WI,Langlade County
57.18,WI,Lincoln County
97.72999999999999,WI,Manitowoc County
96.84,WI,Marathon County
52.96999999999999,WI,Marinette County
97.89,WI,Marquette County
98.85000000000001,WI,Menominee County
99.76,WI,Milwaukee County
93.08999999999999,WI,Monroe County
87.97,WI,Oconto County
56.879999999999995,WI,Oneida County
97.97,WI,Outagamie County
98.18,WI,Ozaukee County
90.60000000000001,WI,Pepin County
91.22,WI,Pierce County
79.80000000000001,WI,Polk County
97.65,WI,Portage County
55.28999999999999,WI,Price County
97.72999999999999,WI,Racine County
82.97,WI,Richland County
99.4,WI,Rock County
57.19,WI,Rusk County
90.8,WI,St. Croix County
92.06,WI,Sauk County
54.93,WI,Sawyer County
96.17,WI,Shawano County
96.66,WI,Sheboygan County
68.94,WI,Taylor County
91.60000000000001,WI,Trempealeau County
97.38,WI,Vernon County
50.029999999999994,WI,Vilas County
94.61,WI,Walworth County
45.2,WI,Washburn County
99.5,WI,Washington County
98.94,WI,Waukesha County
97.07000000000001,WI,Waupaca County
97.22,WI,Waushara County
98.11,WI,Winnebago County
98.88,WI,Wood County
93.69,WY,Albany County
82.66,WY,Big Horn County
96.91,WY,Campbell County
85.32,WY,Carbon County
88.96,WY,Converse County
72.19,WY,Crook County
89.86,WY,Fremont County
97.3,WY,Goshen County
86.61,WY,Hot Springs County
81.93,WY,Johnson County
97.05,WY,Laramie County
91.60000000000001,WY,Lincoln County
97.34,WY,Natrona County
83.16,WY,Niobrara County
87.21,WY,Park County
87.14,WY,Platte County
94.73,WY,Sheridan County
98.66,WY,Sublette County
96.75,WY,Sweetwater County
89.03,WY,Teton County
99.99,WY,Uinta County
89.32,WY,Washakie County
85.64,WY,Weston County
100.0,AS,Eastern District
100.0,AS,Manu'a District
0.0,AS,Rose Island
0.0,AS,Swains Island
100.0,AS,Western District
99.83999999999999,GU,Guam
0.0,MP,Northern Islands Municipality
90.38000000000001,MP,Rota Municipality
99.36,MP,Saipan Municipality
85.79,MP,Tinian Municipality
86.6,PR,Adjuntas Municipio
96.98,PR,Aguada Municipio
99.92,PR,Aguadilla Municipio
96.38,PR,Aguas Buenas Municipio
100.0,PR,Aibonito Municipio
99.79,PR,A√±asco Municipio
97.49,PR,Arecibo Municipio
100.0,PR,Arroyo Municipio
99.74,PR,Barceloneta Municipio
100.0,PR,Barranquitas Municipio
100.0,PR,Bayam√≥n Municipio
100.0,PR,Cabo Rojo Municipio
99.87,PR,Caguas Municipio
90.47,PR,Camuy Municipio
99.99,PR,Can√≥vanas Municipio
99.94,PR,Carolina Municipio
100.0,PR,Cata√±o Municipio
100.0,PR,Cayey Municipio
99.86,PR,Ceiba Municipio
94.3,PR,Ciales Municipio
99.98,PR,Cidra Municipio
100.0,PR,Coamo Municipio
100.0,PR,Comer√≠o Municipio
100.0,PR,Corozal Municipio
89.19,PR,Culebra Municipio
99.83,PR,Dorado Municipio
98.7,PR,Fajardo Municipio
94.19,PR,Florida Municipio
98.88,PR,Gu√°nica Municipio
99.69,PR,Guayama Municipio
96.7,PR,Guayanilla Municipio
99.82,PR,Guaynabo Municipio
99.91,PR,Gurabo Municipio
97.64,PR,Hatillo Municipio
100.0,PR,Hormigueros Municipio
98.05,PR,Humacao Municipio
98.37,PR,Isabela Municipio
96.7,PR,Jayuya Municipio
100.0,PR,Juana D√≠az Municipio
100.0,PR,Juncos Municipio
99.92999999999999,PR,Lajas Municipio
92.35,PR,Lares Municipio
98.19,PR,Las Mar√≠as Municipio
100.0,PR,Las Piedras Municipio
99.96000000000001,PR,Lo√≠za Municipio
99.1,PR,Luquillo Municipio
98.88,PR,Manat√≠ Municipio
87.12,PR,Maricao Municipio
99.87,PR,Maunabo Municipio
100.0,PR,Mayag√ºez Municipio
99.26,PR,Moca Municipio
98.66,PR,Morovis Municipio
97.77,PR,Naguabo Municipio
100.0,PR,Naranjito Municipio
99.99,PR,Orocovis Municipio
99.51,PR,Patillas Municipio
93.05,PR,Pe√±uelas Municipio
99.22999999999999,PR,Ponce Municipio
98.08,PR,Quebradillas Municipio
98.38,PR,Rinc√≥n Municipio
100.0,PR,R√≠o Grande Municipio
99.15,PR,Sabana Grande Municipio
99.72,PR,Salinas Municipio
100.0,PR,San Germ√°n Municipio
99.99,PR,San Juan Municipio
99.96000000000001,PR,San Lorenzo Municipio
99.51,PR,San Sebasti√°n Municipio
100.0,PR,Santa Isabel Municipio
99.9,PR,Toa Alta Municipio
100.0,PR,Toa Baja Municipio
99.99,PR,Trujillo Alto Municipio
88.87,PR,Utuado Municipio
98.66,PR,Vega Alta Municipio
99.17,PR,Vega Baja Municipio
75.72,PR,Vieques Municipio
100.0,PR,Villalba Municipio
99.98,PR,Yabucoa Municipio
86.44,PR,Yauco Municipio
99.61,VI,St. Croix Island
98.46000000000001,VI,St. John Island
99.29,VI,St. Thomas Island
